No,Provinsi,Kabupaten/Kota,Kecamatan,Desa / Kelurahan
1,Jawa Timur,Banyuwangi,Singosari,Kelurahan Permai
2,Jawa Timur,Banyuwangi,Pakis,Kelurahan Sejahtera
3,Jawa Timur,Banyuwangi,Timur,Kelurahan Maju
4,Jawa Timur,Kediri,Barat,Kelurahan Sari
5,Jawa Timur,Surabaya,Kepanjen,Desa Damai
6,Jawa Timur,Banyuwangi,Utara,Desa Damai
7,Jawa Timur,Blitar,Barat,Desa Subur
8,Jawa Timur,Malang,Singosari,Kelurahan Sejahtera
9,Jawa Timur,Jember,Selatan,Desa Subur
10,Jawa Timur,Banyuwangi,Timur,Desa Subur
11,Jawa Timur,Surabaya,Selatan,Kelurahan Tenteram
12,Jawa Timur,Banyuwangi,Utara,Desa Subur
13,Jawa Timur,Malang,Wajak,Desa Mulya
14,Jawa Timur,Banyuwangi,Barat,Desa Makmur
15,Jawa Timur,Jember,Lawang,Kelurahan Indah
16,Jawa Timur,Kediri,Kepanjen,Desa Makmur
17,Jawa Timur,Jember,Wajak,Desa Mulya
18,Jawa Timur,Tulungagung,Kepanjen,Kelurahan Maju
19,Jawa Timur,Malang,Dau,Kelurahan Indah
20,Jawa Timur,Jember,Dau,Kelurahan Sari
21,Jawa Timur,Sidoarjo,Tengah,Desa Makmur
22,Jawa Timur,Ngawi,Timur,Desa Makmur
23,Jawa Timur,Surabaya,Wajak,Kelurahan Maju
24,Jawa Timur,Surabaya,Utara,Desa Jaya
25,Jawa Timur,Banyuwangi,Lawang,Kelurahan Bahagia
26,Jawa Timur,Surabaya,Dau,Desa Damai
27,Jawa Timur,Sidoarjo,Tengah,Kelurahan Bahagia
28,Jawa Timur,Gresik,Selatan,Desa Damai
29,Jawa Timur,Jember,Selatan,Kelurahan Maju
30,Jawa Timur,Malang,Lawang,Kelurahan Sejahtera
31,Jawa Timur,Malang,Selatan,Desa Subur
32,Jawa Timur,Tulungagung,Tumpang,Desa Damai
33,Jawa Timur,Surabaya,Pakis,Desa Damai
34,Jawa Timur,Surabaya,Selatan,Desa Mulya
35,Jawa Timur,Banyuwangi,Singosari,Kelurahan Bahagia
36,Jawa Timur,Mojokerto,Utara,Kelurahan Bahagia
37,Jawa Timur,Jember,Kota,Desa Mulya
38,Jawa Timur,Probolinggo,Barat,Desa Asri
39,Jawa Timur,Blitar,Tumpang,Kelurahan Tenteram
40,Jawa Timur,Malang,Utara,Desa Subur
41,Jawa Timur,Surabaya,Lawang,Desa Subur
42,Jawa Timur,Surabaya,Selatan,Desa Sentosa
43,Jawa Timur,Banyuwangi,Singosari,Kelurahan Bahagia
44,Jawa Timur,Surabaya,Kota,Kelurahan Tenteram
45,Jawa Timur,Jember,Timur,Kelurahan Permai
46,Jawa Timur,Kediri,Tengah,Kelurahan Tenteram
47,Jawa Timur,Malang,Kota,Kelurahan Bahagia
48,Jawa Timur,Malang,Tumpang,Kelurahan Bahagia
49,Jawa Timur,Surabaya,Pakis,Desa Jaya
50,Jawa Timur,Surabaya,Tengah,Desa Asri
51,Jawa Timur,Banyuwangi,Utara,Kelurahan Bahagia
52,Jawa Timur,Jember,Selatan,Desa Mulya
53,Jawa Timur,Madiun,Tumpang,Desa Sentosa
54,Jawa Timur,Malang,Selatan,Desa Mulya
55,Jawa Timur,Banyuwangi,Singosari,Desa Makmur
56,Jawa Timur,Surabaya,Barat,Kelurahan Permai
57,Jawa Timur,Surabaya,Utara,Desa Mulya
58,Jawa Timur,Surabaya,Singosari,Kelurahan Sejahtera
59,Jawa Timur,Mojokerto,Kota,Desa Jaya
60,Jawa Timur,Surabaya,Kota,Kelurahan Bahagia
61,Jawa Timur,Ngawi,Pakis,Desa Makmur
62,Jawa Timur,Gresik,Timur,Kelurahan Permai
63,Jawa Timur,Malang,Timur,Kelurahan Sejahtera
64,Jawa Timur,Malang,Utara,Desa Mulya
65,Jawa Timur,Surabaya,Singosari,Desa Jaya
66,Jawa Timur,Banyuwangi,Selatan,Kelurahan Sejahtera
67,Jawa Timur,Malang,Tumpang,Desa Subur
68,Jawa Timur,Surabaya,Selatan,Kelurahan Tenteram
69,Jawa Timur,Ngawi,Kota,Desa Makmur
70,Jawa Timur,Malang,Barat,Desa Subur
71,Jawa Timur,Jember,Singosari,Kelurahan Maju
72,Jawa Timur,Surabaya,Dau,Kelurahan Sejahtera
73,Jawa Timur,Surabaya,Tengah,Desa Mulya
74,Jawa Timur,Malang,Wajak,Desa Subur
75,Jawa Timur,Jember,Singosari,Kelurahan Bahagia
76,Jawa Timur,Surabaya,Singosari,Kelurahan Sari
77,Jawa Timur,Surabaya,Barat,Desa Asri
78,Jawa Timur,Mojokerto,Kepanjen,Desa Makmur
79,Jawa Timur,Jember,Pakis,Kelurahan Tenteram
80,Jawa Timur,Surabaya,Lawang,Desa Jaya
81,Jawa Timur,Surabaya,Selatan,Desa Asri
82,Jawa Timur,Malang,Wajak,Desa Jaya
83,Jawa Timur,Sidoarjo,Utara,Kelurahan Permai
84,Jawa Timur,Gresik,Singosari,Desa Mulya
85,Jawa Timur,Blitar,Kota,Kelurahan Sejahtera
86,Jawa Timur,Blitar,Wajak,Kelurahan Bahagia
87,Jawa Timur,Gresik,Wajak,Kelurahan Sari
88,Jawa Timur,Malang,Kepanjen,Desa Makmur
89,Jawa Timur,Banyuwangi,Tengah,Desa Mulya
90,Jawa Timur,Banyuwangi,Utara,Kelurahan Permai
91,Jawa Timur,Sidoarjo,Utara,Desa Damai
92,Jawa Timur,Malang,Kepanjen,Kelurahan Bahagia
93,Jawa Timur,Banyuwangi,Singosari,Kelurahan Bahagia
94,Jawa Timur,Probolinggo,Timur,Desa Jaya
95,Jawa Timur,Surabaya,Timur,Kelurahan Permai
96,Jawa Timur,Jember,Kepanjen,Kelurahan Sari
97,Jawa Timur,Surabaya,Tengah,Desa Damai
98,Jawa Timur,Sidoarjo,Tumpang,Kelurahan Bahagia
99,Jawa Timur,Malang,Kota,Desa Asri
100,Jawa Timur,Banyuwangi,Tumpang,Desa Asri
101,Jawa Timur,Malang,Tengah,Desa Makmur
102,Jawa Timur,Surabaya,Lawang,Desa Subur
103,Jawa Timur,Banyuwangi,Tengah,Kelurahan Tenteram
104,Jawa Timur,Malang,Lawang,Kelurahan Bahagia
105,Jawa Timur,Malang,Timur,Desa Damai
106,Jawa Timur,Surabaya,Kota,Kelurahan Permai
107,Jawa Timur,Ponorogo,Pakis,Kelurahan Bahagia
108,Jawa Timur,Banyuwangi,Selatan,Kelurahan Sejahtera
109,Jawa Timur,Banyuwangi,Dau,Kelurahan Indah
110,Jawa Timur,Malang,Timur,Desa Mulya
111,Jawa Timur,Banyuwangi,Barat,Desa Asri
112,Jawa Timur,Tulungagung,Tengah,Desa Subur
113,Jawa Timur,Surabaya,Kepanjen,Kelurahan Maju
114,Jawa Timur,Surabaya,Utara,Desa Makmur
115,Jawa Timur,Malang,Tengah,Desa Makmur
116,Jawa Timur,Banyuwangi,Pakis,Kelurahan Permai
117,Jawa Timur,Surabaya,Tengah,Desa Sentosa
118,Jawa Timur,Surabaya,Tengah,Desa Jaya
119,Jawa Timur,Malang,Selatan,Kelurahan Sari
120,Jawa Timur,Sidoarjo,Timur,Kelurahan Maju
121,Jawa Timur,Surabaya,Tengah,Desa Asri
122,Jawa Timur,Surabaya,Utara,Desa Asri
123,Jawa Timur,Surabaya,Wajak,Kelurahan Bahagia
124,Jawa Timur,Surabaya,Kota,Desa Sentosa
125,Jawa Timur,Probolinggo,Dau,Kelurahan Indah
126,Jawa Timur,Blitar,Pakis,Desa Jaya
127,Jawa Timur,Banyuwangi,Utara,Desa Sentosa
128,Jawa Timur,Malang,Selatan,Desa Subur
129,Jawa Timur,Jember,Wajak,Kelurahan Bahagia
130,Jawa Timur,Jember,Barat,Desa Asri
131,Jawa Timur,Surabaya,Utara,Desa Sentosa
132,Jawa Timur,Banyuwangi,Pakis,Desa Damai
133,Jawa Timur,Gresik,Timur,Desa Jaya
134,Jawa Timur,Malang,Barat,Kelurahan Bahagia
135,Jawa Timur,Surabaya,Singosari,Kelurahan Bahagia
136,Jawa Timur,Surabaya,Selatan,Desa Mulya
137,Jawa Timur,Sidoarjo,Tumpang,Desa Damai
138,Jawa Timur,Kediri,Barat,Kelurahan Maju
139,Jawa Timur,Surabaya,Kota,Desa Jaya
140,Jawa Timur,Gresik,Utara,Desa Sentosa
141,Jawa Timur,Malang,Barat,Kelurahan Tenteram
142,Jawa Timur,Malang,Utara,Desa Jaya
143,Jawa Timur,Malang,Selatan,Desa Makmur
144,Jawa Timur,Gresik,Kepanjen,Kelurahan Indah
145,Jawa Timur,Banyuwangi,Kota,Desa Sentosa
146,Jawa Timur,Malang,Utara,Desa Subur
147,Jawa Timur,Sidoarjo,Dau,Kelurahan Sari
148,Jawa Timur,Malang,Utara,Kelurahan Sari
149,Jawa Timur,Sidoarjo,Lawang,Desa Makmur
150,Jawa Timur,Banyuwangi,Tengah,Kelurahan Sari
151,Jawa Timur,Sidoarjo,Tumpang,Desa Sentosa
152,Jawa Timur,Probolinggo,Singosari,Desa Jaya
153,Jawa Timur,Malang,Tengah,Kelurahan Bahagia
154,Jawa Timur,Banyuwangi,Barat,Desa Damai
155,Jawa Timur,Malang,Tengah,Desa Subur
156,Jawa Timur,Jember,Wajak,Desa Asri
157,Jawa Timur,Sidoarjo,Kepanjen,Desa Asri
158,Jawa Timur,Surabaya,Singosari,Kelurahan Permai
159,Jawa Timur,Sidoarjo,Kota,Desa Jaya
160,Jawa Timur,Surabaya,Kota,Desa Mulya
161,Jawa Timur,Banyuwangi,Utara,Kelurahan Sari
162,Jawa Timur,Banyuwangi,Tengah,Kelurahan Maju
163,Jawa Timur,Probolinggo,Pakis,Kelurahan Tenteram
164,Jawa Timur,Surabaya,Lawang,Desa Jaya
165,Jawa Timur,Mojokerto,Timur,Desa Mulya
166,Jawa Timur,Malang,Kepanjen,Kelurahan Sejahtera
167,Jawa Timur,Sidoarjo,Lawang,Kelurahan Permai
168,Jawa Timur,Banyuwangi,Kepanjen,Desa Damai
169,Jawa Timur,Malang,Utara,Desa Makmur
170,Jawa Timur,Banyuwangi,Dau,Kelurahan Maju
171,Jawa Timur,Banyuwangi,Utara,Kelurahan Tenteram
172,Jawa Timur,Surabaya,Timur,Kelurahan Bahagia
173,Jawa Timur,Malang,Wajak,Desa Subur
174,Jawa Timur,Surabaya,Utara,Kelurahan Sari
175,Jawa Timur,Surabaya,Kepanjen,Desa Sentosa
176,Jawa Timur,Jember,Dau,Desa Jaya
177,Jawa Timur,Banyuwangi,Barat,Kelurahan Permai
178,Jawa Timur,Surabaya,Kota,Kelurahan Maju
179,Jawa Timur,Surabaya,Kepanjen,Desa Mulya
180,Jawa Timur,Mojokerto,Kepanjen,Desa Damai
181,Jawa Timur,Sidoarjo,Barat,Desa Makmur
182,Jawa Timur,Malang,Tengah,Desa Subur
183,Jawa Timur,Surabaya,Timur,Desa Mulya
184,Jawa Timur,Surabaya,Kota,Kelurahan Indah
185,Jawa Timur,Sidoarjo,Tumpang,Desa Jaya
186,Jawa Timur,Jember,Selatan,Kelurahan Sejahtera
187,Jawa Timur,Surabaya,Utara,Kelurahan Maju
188,Jawa Timur,Probolinggo,Kota,Kelurahan Tenteram
189,Jawa Timur,Jember,Wajak,Kelurahan Sari
190,Jawa Timur,Surabaya,Timur,Desa Subur
191,Jawa Timur,Probolinggo,Tumpang,Desa Subur
192,Jawa Timur,Gresik,Kepanjen,Desa Asri
193,Jawa Timur,Banyuwangi,Barat,Desa Jaya
194,Jawa Timur,Malang,Pakis,Kelurahan Sari
195,Jawa Timur,Surabaya,Lawang,Desa Mulya
196,Jawa Timur,Malang,Singosari,Desa Damai
197,Jawa Timur,Surabaya,Kepanjen,Kelurahan Indah
198,Jawa Timur,Malang,Barat,Desa Asri
199,Jawa Timur,Tulungagung,Kepanjen,Kelurahan Sari
200,Jawa Timur,Ponorogo,Barat,Kelurahan Bahagia
201,Jawa Timur,Banyuwangi,Kota,Kelurahan Tenteram
202,Jawa Timur,Malang,Dau,Desa Jaya
203,Jawa Timur,Surabaya,Kepanjen,Kelurahan Indah
204,Jawa Timur,Banyuwangi,Dau,Desa Subur
205,Jawa Timur,Probolinggo,Kota,Kelurahan Indah
206,Jawa Timur,Surabaya,Tengah,Kelurahan Maju
207,Jawa Timur,Surabaya,Selatan,Desa Jaya
208,Jawa Timur,Surabaya,Selatan,Kelurahan Tenteram
209,Jawa Timur,Malang,Kepanjen,Kelurahan Tenteram
210,Jawa Timur,Blitar,Tengah,Kelurahan Permai
211,Jawa Timur,Jember,Selatan,Kelurahan Sejahtera
212,Jawa Timur,Surabaya,Dau,Kelurahan Sejahtera
213,Jawa Timur,Kediri,Lawang,Desa Mulya
214,Jawa Timur,Mojokerto,Wajak,Kelurahan Sejahtera
215,Jawa Timur,Malang,Lawang,Desa Jaya
216,Jawa Timur,Gresik,Dau,Desa Mulya
217,Jawa Timur,Surabaya,Kota,Desa Asri
218,Jawa Timur,Malang,Tengah,Kelurahan Bahagia
219,Jawa Timur,Gresik,Kota,Kelurahan Sari
220,Jawa Timur,Banyuwangi,Tengah,Desa Subur
221,Jawa Timur,Malang,Barat,Desa Damai
222,Jawa Timur,Surabaya,Wajak,Kelurahan Maju
223,Jawa Timur,Banyuwangi,Dau,Desa Damai
224,Jawa Timur,Mojokerto,Lawang,Kelurahan Tenteram
225,Jawa Timur,Madiun,Lawang,Desa Subur
226,Jawa Timur,Blitar,Lawang,Kelurahan Indah
227,Jawa Timur,Surabaya,Utara,Desa Damai
228,Jawa Timur,Kediri,Tumpang,Desa Damai
229,Jawa Timur,Gresik,Utara,Kelurahan Bahagia
230,Jawa Timur,Surabaya,Barat,Desa Asri
231,Jawa Timur,Sidoarjo,Dau,Kelurahan Permai
232,Jawa Timur,Mojokerto,Dau,Desa Makmur
233,Jawa Timur,Jember,Selatan,Desa Asri
234,Jawa Timur,Banyuwangi,Lawang,Desa Jaya
235,Jawa Timur,Surabaya,Barat,Desa Makmur
236,Jawa Timur,Probolinggo,Dau,Desa Asri
237,Jawa Timur,Surabaya,Tengah,Kelurahan Bahagia
238,Jawa Timur,Banyuwangi,Pakis,Desa Subur
239,Jawa Timur,Malang,Kepanjen,Desa Damai
240,Jawa Timur,Malang,Kepanjen,Kelurahan Maju
241,Jawa Timur,Malang,Utara,Kelurahan Permai
242,Jawa Timur,Surabaya,Timur,Kelurahan Bahagia
243,Jawa Timur,Sidoarjo,Timur,Kelurahan Sejahtera
244,Jawa Timur,Malang,Kota,Desa Makmur
245,Jawa Timur,Surabaya,Lawang,Desa Sentosa
246,Jawa Timur,Gresik,Barat,Desa Damai
247,Jawa Timur,Sidoarjo,Utara,Kelurahan Sari
248,Jawa Timur,Banyuwangi,Tengah,Kelurahan Maju
249,Jawa Timur,Banyuwangi,Tumpang,Kelurahan Permai
250,Jawa Timur,Surabaya,Dau,Kelurahan Permai
251,Jawa Timur,Malang,Utara,Desa Mulya
252,Jawa Timur,Banyuwangi,Selatan,Kelurahan Sari
253,Jawa Timur,Malang,Barat,Desa Asri
254,Jawa Timur,Surabaya,Kepanjen,Kelurahan Permai
255,Jawa Timur,Ngawi,Kota,Desa Makmur
256,Jawa Timur,Gresik,Barat,Desa Makmur
257,Jawa Timur,Malang,Barat,Kelurahan Bahagia
258,Jawa Timur,Jember,Selatan,Desa Asri
259,Jawa Timur,Kediri,Dau,Desa Makmur
260,Jawa Timur,Banyuwangi,Kepanjen,Kelurahan Indah
261,Jawa Timur,Banyuwangi,Kota,Desa Makmur
262,Jawa Timur,Malang,Utara,Desa Asri
263,Jawa Timur,Sidoarjo,Wajak,Desa Jaya
264,Jawa Timur,Banyuwangi,Barat,Desa Jaya
265,Jawa Timur,Ngawi,Utara,Kelurahan Indah
266,Jawa Timur,Surabaya,Timur,Kelurahan Indah
267,Jawa Timur,Surabaya,Selatan,Kelurahan Maju
268,Jawa Timur,Sidoarjo,Kota,Kelurahan Maju
269,Jawa Timur,Jember,Lawang,Desa Damai
270,Jawa Timur,Surabaya,Tumpang,Kelurahan Sari
271,Jawa Timur,Surabaya,Selatan,Desa Damai
272,Jawa Timur,Banyuwangi,Wajak,Kelurahan Sejahtera
273,Jawa Timur,Banyuwangi,Wajak,Desa Subur
274,Jawa Timur,Pasuruan,Utara,Kelurahan Tenteram
275,Jawa Timur,Surabaya,Selatan,Kelurahan Tenteram
276,Jawa Timur,Mojokerto,Lawang,Kelurahan Indah
277,Jawa Timur,Mojokerto,Selatan,Desa Asri
278,Jawa Timur,Banyuwangi,Pakis,Desa Mulya
279,Jawa Timur,Malang,Tumpang,Desa Asri
280,Jawa Timur,Banyuwangi,Singosari,Desa Asri
281,Jawa Timur,Gresik,Wajak,Desa Mulya
282,Jawa Timur,Surabaya,Singosari,Desa Mulya
283,Jawa Timur,Mojokerto,Tengah,Kelurahan Bahagia
284,Jawa Timur,Banyuwangi,Lawang,Desa Sentosa
285,Jawa Timur,Surabaya,Tumpang,Kelurahan Indah
286,Jawa Timur,Jember,Barat,Desa Makmur
287,Jawa Timur,Surabaya,Barat,Kelurahan Maju
288,Jawa Timur,Pasuruan,Lawang,Kelurahan Maju
289,Jawa Timur,Malang,Dau,Kelurahan Permai
290,Jawa Timur,Malang,Tumpang,Kelurahan Indah
291,Jawa Timur,Surabaya,Barat,Kelurahan Bahagia
292,Jawa Timur,Jember,Singosari,Desa Sentosa
293,Jawa Timur,Surabaya,Tumpang,Desa Jaya
294,Jawa Timur,Malang,Tumpang,Kelurahan Indah
295,Jawa Timur,Surabaya,Wajak,Desa Mulya
296,Jawa Timur,Malang,Tengah,Desa Damai
297,Jawa Timur,Sidoarjo,Pakis,Desa Asri
298,Jawa Timur,Surabaya,Selatan,Kelurahan Sejahtera
299,Jawa Timur,Sidoarjo,Kota,Desa Mulya
300,Jawa Timur,Madiun,Wajak,Desa Mulya
301,Jawa Timur,Banyuwangi,Pakis,Desa Subur
302,Jawa Timur,Malang,Lawang,Kelurahan Sari
303,Jawa Timur,Malang,Selatan,Desa Jaya
304,Jawa Timur,Jember,Kepanjen,Desa Damai
305,Jawa Timur,Banyuwangi,Selatan,Kelurahan Maju
306,Jawa Timur,Surabaya,Wajak,Kelurahan Permai
307,Jawa Timur,Surabaya,Kota,Desa Asri
308,Jawa Timur,Tulungagung,Kota,Desa Sentosa
309,Jawa Timur,Ngawi,Wajak,Kelurahan Bahagia
310,Jawa Timur,Surabaya,Barat,Kelurahan Tenteram
311,Jawa Timur,Malang,Selatan,Kelurahan Permai
312,Jawa Timur,Jember,Pakis,Desa Asri
313,Jawa Timur,Banyuwangi,Kota,Kelurahan Tenteram
314,Jawa Timur,Malang,Selatan,Desa Subur
315,Jawa Timur,Mojokerto,Utara,Kelurahan Maju
316,Jawa Timur,Pasuruan,Singosari,Kelurahan Bahagia
317,Jawa Timur,Malang,Lawang,Desa Mulya
318,Jawa Timur,Malang,Kepanjen,Kelurahan Sejahtera
319,Jawa Timur,Surabaya,Kepanjen,Kelurahan Maju
320,Jawa Timur,Surabaya,Wajak,Kelurahan Tenteram
321,Jawa Timur,Surabaya,Lawang,Desa Damai
322,Jawa Timur,Surabaya,Kepanjen,Kelurahan Tenteram
323,Jawa Timur,Malang,Lawang,Kelurahan Sejahtera
324,Jawa Timur,Banyuwangi,Barat,Kelurahan Indah
325,Jawa Timur,Malang,Pakis,Kelurahan Sejahtera
326,Jawa Timur,Surabaya,Utara,Desa Subur
327,Jawa Timur,Blitar,Kota,Desa Asri
328,Jawa Timur,Sidoarjo,Pakis,Kelurahan Permai
329,Jawa Timur,Surabaya,Singosari,Kelurahan Permai
330,Jawa Timur,Mojokerto,Dau,Desa Makmur
331,Jawa Timur,Surabaya,Wajak,Desa Subur
332,Jawa Timur,Malang,Kepanjen,Kelurahan Sejahtera
333,Jawa Timur,Surabaya,Tengah,Desa Sentosa
334,Jawa Timur,Banyuwangi,Tumpang,Desa Asri
335,Jawa Timur,Malang,Kepanjen,Desa Mulya
336,Jawa Timur,Surabaya,Singosari,Kelurahan Bahagia
337,Jawa Timur,Surabaya,Kepanjen,Desa Mulya
338,Jawa Timur,Gresik,Utara,Kelurahan Sejahtera
339,Jawa Timur,Surabaya,Wajak,Desa Asri
340,Jawa Timur,Mojokerto,Utara,Kelurahan Sejahtera
341,Jawa Timur,Mojokerto,Kepanjen,Desa Makmur
342,Jawa Timur,Tulungagung,Lawang,Kelurahan Sejahtera
343,Jawa Timur,Sidoarjo,Tengah,Desa Damai
344,Jawa Timur,Banyuwangi,Tumpang,Kelurahan Tenteram
345,Jawa Timur,Surabaya,Timur,Kelurahan Permai
346,Jawa Timur,Malang,Kepanjen,Kelurahan Bahagia
347,Jawa Timur,Sidoarjo,Dau,Desa Mulya
348,Jawa Timur,Surabaya,Pakis,Desa Damai
349,Jawa Timur,Banyuwangi,Dau,Kelurahan Indah
350,Jawa Timur,Surabaya,Lawang,Kelurahan Bahagia
351,Jawa Timur,Jember,Tumpang,Kelurahan Tenteram
352,Jawa Timur,Jember,Kota,Desa Damai
353,Jawa Timur,Mojokerto,Barat,Kelurahan Bahagia
354,Jawa Timur,Surabaya,Kota,Desa Asri
355,Jawa Timur,Jember,Timur,Kelurahan Tenteram
356,Jawa Timur,Blitar,Tumpang,Desa Makmur
357,Jawa Timur,Malang,Dau,Kelurahan Sari
358,Jawa Timur,Jember,Dau,Desa Makmur
359,Jawa Timur,Banyuwangi,Kota,Kelurahan Sejahtera
360,Jawa Timur,Kediri,Singosari,Desa Mulya
361,Jawa Timur,Banyuwangi,Wajak,Desa Asri
362,Jawa Timur,Surabaya,Tumpang,Desa Damai
363,Jawa Timur,Blitar,Kota,Kelurahan Tenteram
364,Jawa Timur,Gresik,Singosari,Kelurahan Tenteram
365,Jawa Timur,Surabaya,Lawang,Desa Damai
366,Jawa Timur,Malang,Barat,Kelurahan Sejahtera
367,Jawa Timur,Malang,Selatan,Kelurahan Bahagia
368,Jawa Timur,Banyuwangi,Timur,Desa Mulya
369,Jawa Timur,Pasuruan,Dau,Kelurahan Maju
370,Jawa Timur,Banyuwangi,Kepanjen,Desa Sentosa
371,Jawa Timur,Malang,Dau,Kelurahan Tenteram
372,Jawa Timur,Pasuruan,Barat,Kelurahan Maju
373,Jawa Timur,Gresik,Dau,Kelurahan Indah
374,Jawa Timur,Jember,Lawang,Desa Subur
375,Jawa Timur,Malang,Singosari,Desa Sentosa
376,Jawa Timur,Banyuwangi,Timur,Desa Sentosa
377,Jawa Timur,Malang,Kota,Kelurahan Maju
378,Jawa Timur,Banyuwangi,Barat,Desa Sentosa
379,Jawa Timur,Surabaya,Kota,Kelurahan Bahagia
380,Jawa Timur,Jember,Tengah,Desa Damai
381,Jawa Timur,Sidoarjo,Lawang,Desa Asri
382,Jawa Timur,Malang,Lawang,Kelurahan Bahagia
383,Jawa Timur,Malang,Barat,Desa Asri
384,Jawa Timur,Sidoarjo,Timur,Desa Subur
385,Jawa Timur,Malang,Tengah,Desa Sentosa
386,Jawa Timur,Kediri,Utara,Desa Jaya
387,Jawa Timur,Surabaya,Wajak,Desa Jaya
388,Jawa Timur,Madiun,Singosari,Desa Damai
389,Jawa Timur,Surabaya,Kota,Desa Subur
390,Jawa Timur,Madiun,Dau,Desa Damai
391,Jawa Timur,Surabaya,Selatan,Desa Subur
392,Jawa Timur,Surabaya,Utara,Kelurahan Sari
393,Jawa Timur,Kediri,Lawang,Desa Makmur
394,Jawa Timur,Probolinggo,Lawang,Kelurahan Indah
395,Jawa Timur,Kediri,Lawang,Kelurahan Bahagia
396,Jawa Timur,Surabaya,Tumpang,Desa Makmur
397,Jawa Timur,Malang,Kepanjen,Desa Makmur
398,Jawa Timur,Banyuwangi,Lawang,Kelurahan Indah
399,Jawa Timur,Banyuwangi,Kota,Kelurahan Sejahtera
400,Jawa Timur,Malang,Timur,Kelurahan Sejahtera
401,Jawa Timur,Tulungagung,Dau,Kelurahan Permai
402,Jawa Timur,Malang,Timur,Kelurahan Sari
403,Jawa Timur,Surabaya,Dau,Desa Jaya
404,Jawa Timur,Kediri,Kepanjen,Desa Subur
405,Jawa Timur,Surabaya,Utara,Kelurahan Tenteram
406,Jawa Timur,Jember,Lawang,Desa Mulya
407,Jawa Timur,Surabaya,Selatan,Kelurahan Bahagia
408,Jawa Timur,Banyuwangi,Dau,Kelurahan Sari
409,Jawa Timur,Malang,Barat,Kelurahan Permai
410,Jawa Timur,Surabaya,Tumpang,Kelurahan Sari
411,Jawa Timur,Jember,Lawang,Desa Damai
412,Jawa Timur,Jember,Tumpang,Kelurahan Sejahtera
413,Jawa Timur,Surabaya,Singosari,Desa Jaya
414,Jawa Timur,Pasuruan,Kota,Kelurahan Sejahtera
415,Jawa Timur,Malang,Pakis,Desa Subur
416,Jawa Timur,Malang,Kota,Kelurahan Sari
417,Jawa Timur,Probolinggo,Barat,Kelurahan Sejahtera
418,Jawa Timur,Surabaya,Timur,Desa Damai
419,Jawa Timur,Mojokerto,Kota,Kelurahan Bahagia
420,Jawa Timur,Malang,Dau,Kelurahan Bahagia
421,Jawa Timur,Surabaya,Kota,Desa Mulya
422,Jawa Timur,Madiun,Lawang,Kelurahan Bahagia
423,Jawa Timur,Banyuwangi,Lawang,Kelurahan Permai
424,Jawa Timur,Banyuwangi,Utara,Desa Asri
425,Jawa Timur,Banyuwangi,Wajak,Kelurahan Maju
426,Jawa Timur,Banyuwangi,Barat,Kelurahan Sejahtera
427,Jawa Timur,Banyuwangi,Tengah,Kelurahan Maju
428,Jawa Timur,Jember,Wajak,Kelurahan Indah
429,Jawa Timur,Malang,Selatan,Kelurahan Bahagia
430,Jawa Timur,Jember,Dau,Desa Subur
431,Jawa Timur,Banyuwangi,Tengah,Kelurahan Sari
432,Jawa Timur,Surabaya,Tengah,Kelurahan Sejahtera
433,Jawa Timur,Malang,Lawang,Kelurahan Bahagia
434,Jawa Timur,Mojokerto,Lawang,Desa Sentosa
435,Jawa Timur,Surabaya,Pakis,Kelurahan Sejahtera
436,Jawa Timur,Surabaya,Pakis,Kelurahan Maju
437,Jawa Timur,Surabaya,Selatan,Kelurahan Permai
438,Jawa Timur,Surabaya,Kepanjen,Desa Sentosa
439,Jawa Timur,Malang,Tumpang,Desa Subur
440,Jawa Timur,Surabaya,Timur,Kelurahan Maju
441,Jawa Timur,Gresik,Kepanjen,Kelurahan Indah
442,Jawa Timur,Banyuwangi,Kota,Kelurahan Sari
443,Jawa Timur,Banyuwangi,Barat,Kelurahan Tenteram
444,Jawa Timur,Probolinggo,Timur,Desa Damai
445,Jawa Timur,Surabaya,Dau,Desa Jaya
446,Jawa Timur,Surabaya,Selatan,Desa Damai
447,Jawa Timur,Banyuwangi,Timur,Kelurahan Tenteram
448,Jawa Timur,Malang,Utara,Desa Asri
449,Jawa Timur,Surabaya,Wajak,Kelurahan Permai
450,Jawa Timur,Tulungagung,Singosari,Kelurahan Indah
451,Jawa Timur,Sidoarjo,Tumpang,Desa Sentosa
452,Jawa Timur,Surabaya,Singosari,Desa Jaya
453,Jawa Timur,Malang,Kota,Kelurahan Tenteram
454,Jawa Timur,Banyuwangi,Tumpang,Kelurahan Permai
455,Jawa Timur,Surabaya,Pakis,Desa Makmur
456,Jawa Timur,Banyuwangi,Selatan,Desa Mulya
457,Jawa Timur,Banyuwangi,Kota,Kelurahan Tenteram
458,Jawa Timur,Surabaya,Barat,Desa Subur
459,Jawa Timur,Banyuwangi,Utara,Desa Jaya
460,Jawa Timur,Banyuwangi,Wajak,Desa Makmur
461,Jawa Timur,Banyuwangi,Lawang,Desa Sentosa
462,Jawa Timur,Banyuwangi,Lawang,Kelurahan Permai
463,Jawa Timur,Surabaya,Utara,Desa Subur
464,Jawa Timur,Jember,Dau,Kelurahan Sejahtera
465,Jawa Timur,Banyuwangi,Lawang,Desa Subur
466,Jawa Timur,Ponorogo,Kepanjen,Kelurahan Indah
467,Jawa Timur,Banyuwangi,Selatan,Kelurahan Maju
468,Jawa Timur,Surabaya,Tumpang,Desa Jaya
469,Jawa Timur,Banyuwangi,Dau,Kelurahan Permai
470,Jawa Timur,Banyuwangi,Tengah,Desa Subur
471,Jawa Timur,Sidoarjo,Timur,Desa Mulya
472,Jawa Timur,Mojokerto,Wajak,Kelurahan Sari
473,Jawa Timur,Banyuwangi,Lawang,Kelurahan Bahagia
474,Jawa Timur,Banyuwangi,Kota,Kelurahan Sejahtera
475,Jawa Timur,Malang,Wajak,Kelurahan Indah
476,Jawa Timur,Banyuwangi,Kota,Desa Makmur
477,Jawa Timur,Malang,Kepanjen,Desa Mulya
478,Jawa Timur,Jember,Selatan,Kelurahan Indah
479,Jawa Timur,Malang,Kepanjen,Kelurahan Sari
480,Jawa Timur,Malang,Kepanjen,Desa Sentosa
481,Jawa Timur,Malang,Singosari,Desa Mulya
482,Jawa Timur,Banyuwangi,Barat,Kelurahan Bahagia
483,Jawa Timur,Banyuwangi,Kota,Desa Jaya
484,Jawa Timur,Surabaya,Pakis,Kelurahan Sari
485,Jawa Timur,Banyuwangi,Dau,Kelurahan Tenteram
486,Jawa Timur,Mojokerto,Tumpang,Desa Makmur
487,Jawa Timur,Malang,Dau,Desa Damai
488,Jawa Timur,Pasuruan,Wajak,Kelurahan Maju
489,Jawa Timur,Surabaya,Utara,Kelurahan Bahagia
490,Jawa Timur,Surabaya,Lawang,Desa Asri
491,Jawa Timur,Mojokerto,Wajak,Desa Mulya
492,Jawa Timur,Banyuwangi,Timur,Kelurahan Sari
493,Jawa Timur,Surabaya,Kepanjen,Kelurahan Indah
494,Jawa Timur,Banyuwangi,Dau,Kelurahan Maju
495,Jawa Timur,Surabaya,Kota,Kelurahan Bahagia
496,Jawa Timur,Surabaya,Kota,Desa Damai
497,Jawa Timur,Banyuwangi,Singosari,Kelurahan Bahagia
498,Jawa Timur,Banyuwangi,Barat,Desa Asri
499,Jawa Timur,Banyuwangi,Selatan,Kelurahan Tenteram
500,Jawa Timur,Sidoarjo,Dau,Kelurahan Bahagia
501,Jawa Timur,Jember,Kota,Kelurahan Sari
502,Jawa Timur,Banyuwangi,Tengah,Desa Asri
503,Jawa Timur,Banyuwangi,Singosari,Desa Damai
504,Jawa Timur,Blitar,Wajak,Kelurahan Sari
505,Jawa Timur,Surabaya,Utara,Kelurahan Maju
506,Jawa Timur,Surabaya,Selatan,Desa Jaya
507,Jawa Timur,Malang,Timur,Kelurahan Maju
508,Jawa Timur,Surabaya,Tumpang,Kelurahan Bahagia
509,Jawa Timur,Surabaya,Tengah,Desa Mulya
510,Jawa Timur,Jember,Timur,Desa Makmur
511,Jawa Timur,Jember,Wajak,Desa Asri
512,Jawa Timur,Surabaya,Tumpang,Kelurahan Maju
513,Jawa Timur,Mojokerto,Selatan,Desa Damai
514,Jawa Timur,Surabaya,Tengah,Kelurahan Bahagia
515,Jawa Timur,Surabaya,Timur,Desa Mulya
516,Jawa Timur,Malang,Tumpang,Kelurahan Permai
517,Jawa Timur,Banyuwangi,Kepanjen,Kelurahan Sejahtera
518,Jawa Timur,Malang,Selatan,Desa Subur
519,Jawa Timur,Gresik,Tengah,Kelurahan Tenteram
520,Jawa Timur,Jember,Utara,Desa Sentosa
521,Jawa Timur,Surabaya,Lawang,Kelurahan Sari
522,Jawa Timur,Surabaya,Utara,Desa Sentosa
523,Jawa Timur,Surabaya,Lawang,Kelurahan Indah
524,Jawa Timur,Surabaya,Dau,Desa Sentosa
525,Jawa Timur,Surabaya,Selatan,Kelurahan Sari
526,Jawa Timur,Surabaya,Dau,Desa Sentosa
527,Jawa Timur,Sidoarjo,Lawang,Kelurahan Indah
528,Jawa Timur,Jember,Kota,Kelurahan Sejahtera
529,Jawa Timur,Banyuwangi,Dau,Kelurahan Sejahtera
530,Jawa Timur,Malang,Timur,Desa Sentosa
531,Jawa Timur,Malang,Pakis,Kelurahan Permai
532,Jawa Timur,Surabaya,Tengah,Kelurahan Indah
533,Jawa Timur,Madiun,Kepanjen,Kelurahan Permai
534,Jawa Timur,Malang,Dau,Kelurahan Bahagia
535,Jawa Timur,Banyuwangi,Utara,Kelurahan Permai
536,Jawa Timur,Jember,Kepanjen,Desa Damai
537,Jawa Timur,Surabaya,Kepanjen,Kelurahan Maju
538,Jawa Timur,Surabaya,Lawang,Kelurahan Tenteram
539,Jawa Timur,Surabaya,Timur,Desa Damai
540,Jawa Timur,Malang,Selatan,Kelurahan Indah
541,Jawa Timur,Malang,Kepanjen,Kelurahan Sari
542,Jawa Timur,Kediri,Kota,Kelurahan Maju
543,Jawa Timur,Mojokerto,Tengah,Desa Makmur
544,Jawa Timur,Surabaya,Pakis,Desa Damai
545,Jawa Timur,Blitar,Wajak,Kelurahan Sejahtera
546,Jawa Timur,Banyuwangi,Singosari,Desa Asri
547,Jawa Timur,Surabaya,Timur,Desa Sentosa
548,Jawa Timur,Ponorogo,Tumpang,Desa Subur
549,Jawa Timur,Jember,Timur,Kelurahan Bahagia
550,Jawa Timur,Surabaya,Kota,Kelurahan Bahagia
551,Jawa Timur,Malang,Selatan,Desa Subur
552,Jawa Timur,Probolinggo,Tengah,Kelurahan Sari
553,Jawa Timur,Jember,Dau,Kelurahan Tenteram
554,Jawa Timur,Pasuruan,Timur,Desa Asri
555,Jawa Timur,Jember,Tengah,Kelurahan Maju
556,Jawa Timur,Jember,Kota,Desa Sentosa
557,Jawa Timur,Surabaya,Selatan,Desa Damai
558,Jawa Timur,Surabaya,Lawang,Kelurahan Sejahtera
559,Jawa Timur,Mojokerto,Wajak,Kelurahan Permai
560,Jawa Timur,Ngawi,Tumpang,Desa Makmur
561,Jawa Timur,Banyuwangi,Kota,Desa Damai
562,Jawa Timur,Malang,Singosari,Kelurahan Indah
563,Jawa Timur,Malang,Kepanjen,Kelurahan Bahagia
564,Jawa Timur,Probolinggo,Timur,Kelurahan Permai
565,Jawa Timur,Malang,Singosari,Desa Sentosa
566,Jawa Timur,Banyuwangi,Dau,Kelurahan Indah
567,Jawa Timur,Banyuwangi,Kota,Desa Sentosa
568,Jawa Timur,Surabaya,Pakis,Desa Damai
569,Jawa Timur,Gresik,Lawang,Kelurahan Bahagia
570,Jawa Timur,Malang,Pakis,Desa Makmur
571,Jawa Timur,Kediri,Utara,Desa Jaya
572,Jawa Timur,Kediri,Selatan,Desa Subur
573,Jawa Timur,Jember,Tumpang,Desa Mulya
574,Jawa Timur,Jember,Utara,Desa Damai
575,Jawa Timur,Banyuwangi,Kepanjen,Kelurahan Permai
576,Jawa Timur,Surabaya,Kota,Kelurahan Permai
577,Jawa Timur,Pasuruan,Dau,Desa Mulya
578,Jawa Timur,Surabaya,Wajak,Desa Subur
579,Jawa Timur,Banyuwangi,Wajak,Desa Subur
580,Jawa Timur,Surabaya,Tumpang,Kelurahan Sari
581,Jawa Timur,Surabaya,Barat,Kelurahan Indah
582,Jawa Timur,Gresik,Wajak,Desa Sentosa
583,Jawa Timur,Surabaya,Lawang,Kelurahan Sari
584,Jawa Timur,Kediri,Kota,Kelurahan Sejahtera
585,Jawa Timur,Madiun,Utara,Desa Mulya
586,Jawa Timur,Jember,Utara,Kelurahan Tenteram
587,Jawa Timur,Sidoarjo,Pakis,Desa Subur
588,Jawa Timur,Madiun,Kepanjen,Desa Makmur
589,Jawa Timur,Banyuwangi,Kota,Desa Subur
590,Jawa Timur,Banyuwangi,Tumpang,Desa Asri
591,Jawa Timur,Gresik,Selatan,Desa Jaya
592,Jawa Timur,Surabaya,Timur,Kelurahan Maju
593,Jawa Timur,Ponorogo,Utara,Kelurahan Permai
594,Jawa Timur,Banyuwangi,Barat,Kelurahan Maju
595,Jawa Timur,Blitar,Wajak,Kelurahan Maju
596,Jawa Timur,Banyuwangi,Kota,Kelurahan Sejahtera
597,Jawa Timur,Gresik,Tumpang,Kelurahan Tenteram
598,Jawa Timur,Surabaya,Wajak,Kelurahan Permai
599,Jawa Timur,Surabaya,Tengah,Kelurahan Bahagia
600,Jawa Timur,Banyuwangi,Utara,Desa Asri
601,Jawa Timur,Banyuwangi,Kota,Kelurahan Bahagia
602,Jawa Timur,Malang,Timur,Kelurahan Maju
603,Jawa Timur,Banyuwangi,Pakis,Desa Sentosa
604,Jawa Timur,Blitar,Timur,Desa Damai
605,Jawa Timur,Malang,Wajak,Kelurahan Sejahtera
606,Jawa Timur,Surabaya,Kota,Kelurahan Indah
607,Jawa Timur,Ngawi,Kota,Kelurahan Sari
608,Jawa Timur,Blitar,Pakis,Kelurahan Permai
609,Jawa Timur,Malang,Pakis,Kelurahan Maju
610,Jawa Timur,Surabaya,Kepanjen,Desa Mulya
611,Jawa Timur,Malang,Dau,Kelurahan Sejahtera
612,Jawa Timur,Malang,Lawang,Kelurahan Maju
613,Jawa Timur,Malang,Tengah,Desa Mulya
614,Jawa Timur,Surabaya,Utara,Desa Mulya
615,Jawa Timur,Surabaya,Kepanjen,Desa Subur
616,Jawa Timur,Mojokerto,Kepanjen,Desa Jaya
617,Jawa Timur,Malang,Selatan,Desa Makmur
618,Jawa Timur,Ngawi,Selatan,Desa Sentosa
619,Jawa Timur,Banyuwangi,Timur,Kelurahan Bahagia
620,Jawa Timur,Surabaya,Timur,Kelurahan Permai
621,Jawa Timur,Jember,Tumpang,Desa Damai
622,Jawa Timur,Malang,Barat,Kelurahan Indah
623,Jawa Timur,Surabaya,Dau,Desa Damai
624,Jawa Timur,Malang,Dau,Kelurahan Sejahtera
625,Jawa Timur,Kediri,Selatan,Desa Asri
626,Jawa Timur,Malang,Selatan,Desa Subur
627,Jawa Timur,Madiun,Lawang,Kelurahan Permai
628,Jawa Timur,Surabaya,Timur,Desa Asri
629,Jawa Timur,Malang,Dau,Desa Sentosa
630,Jawa Timur,Surabaya,Tengah,Desa Asri
631,Jawa Timur,Surabaya,Kepanjen,Desa Sentosa
632,Jawa Timur,Banyuwangi,Kepanjen,Kelurahan Sari
633,Jawa Timur,Madiun,Utara,Kelurahan Indah
634,Jawa Timur,Sidoarjo,Selatan,Desa Mulya
635,Jawa Timur,Jember,Lawang,Kelurahan Permai
636,Jawa Timur,Malang,Tengah,Kelurahan Sari
637,Jawa Timur,Kediri,Barat,Kelurahan Permai
638,Jawa Timur,Banyuwangi,Barat,Kelurahan Tenteram
639,Jawa Timur,Sidoarjo,Singosari,Desa Asri
640,Jawa Timur,Probolinggo,Lawang,Kelurahan Indah
641,Jawa Timur,Banyuwangi,Timur,Kelurahan Sejahtera
642,Jawa Timur,Banyuwangi,Utara,Desa Damai
643,Jawa Timur,Malang,Tengah,Desa Asri
644,Jawa Timur,Malang,Timur,Desa Makmur
645,Jawa Timur,Sidoarjo,Utara,Kelurahan Sejahtera
646,Jawa Timur,Gresik,Utara,Desa Jaya
647,Jawa Timur,Banyuwangi,Kota,Kelurahan Maju
648,Jawa Timur,Banyuwangi,Selatan,Kelurahan Sejahtera
649,Jawa Timur,Surabaya,Kepanjen,Kelurahan Permai
650,Jawa Timur,Sidoarjo,Dau,Kelurahan Sari
651,Jawa Timur,Malang,Wajak,Kelurahan Permai
652,Jawa Timur,Malang,Selatan,Kelurahan Maju
653,Jawa Timur,Sidoarjo,Barat,Desa Subur
654,Jawa Timur,Banyuwangi,Tumpang,Desa Mulya
655,Jawa Timur,Banyuwangi,Wajak,Kelurahan Indah
656,Jawa Timur,Malang,Utara,Desa Makmur
657,Jawa Timur,Malang,Dau,Kelurahan Permai
658,Jawa Timur,Malang,Singosari,Desa Makmur
659,Jawa Timur,Surabaya,Kepanjen,Kelurahan Indah
660,Jawa Timur,Sidoarjo,Barat,Desa Makmur
661,Jawa Timur,Surabaya,Timur,Kelurahan Sejahtera
662,Jawa Timur,Banyuwangi,Selatan,Kelurahan Sejahtera
663,Jawa Timur,Sidoarjo,Lawang,Desa Subur
664,Jawa Timur,Malang,Dau,Desa Makmur
665,Jawa Timur,Surabaya,Lawang,Kelurahan Bahagia
666,Jawa Timur,Malang,Singosari,Desa Mulya
667,Jawa Timur,Malang,Kota,Kelurahan Indah
668,Jawa Timur,Surabaya,Singosari,Desa Sentosa
669,Jawa Timur,Malang,Barat,Kelurahan Indah
670,Jawa Timur,Surabaya,Timur,Kelurahan Permai
671,Jawa Timur,Malang,Utara,Kelurahan Bahagia
672,Jawa Timur,Surabaya,Barat,Desa Sentosa
673,Jawa Timur,Kediri,Barat,Desa Makmur
674,Jawa Timur,Banyuwangi,Barat,Desa Mulya
675,Jawa Timur,Probolinggo,Tengah,Kelurahan Bahagia
676,Jawa Timur,Madiun,Lawang,Kelurahan Sejahtera
677,Jawa Timur,Ponorogo,Timur,Kelurahan Sejahtera
678,Jawa Timur,Surabaya,Timur,Desa Subur
679,Jawa Timur,Malang,Lawang,Kelurahan Permai
680,Jawa Timur,Sidoarjo,Timur,Kelurahan Tenteram
681,Jawa Timur,Surabaya,Tumpang,Kelurahan Indah
682,Jawa Timur,Gresik,Utara,Desa Subur
683,Jawa Timur,Malang,Dau,Kelurahan Bahagia
684,Jawa Timur,Surabaya,Lawang,Kelurahan Tenteram
685,Jawa Timur,Tulungagung,Kepanjen,Kelurahan Tenteram
686,Jawa Timur,Malang,Utara,Kelurahan Maju
687,Jawa Timur,Surabaya,Wajak,Desa Mulya
688,Jawa Timur,Malang,Utara,Desa Jaya
689,Jawa Timur,Ngawi,Pakis,Kelurahan Permai
690,Jawa Timur,Madiun,Pakis,Kelurahan Bahagia
691,Jawa Timur,Madiun,Wajak,Kelurahan Sejahtera
692,Jawa Timur,Tulungagung,Utara,Desa Jaya
693,Jawa Timur,Banyuwangi,Pakis,Desa Jaya
694,Jawa Timur,Surabaya,Wajak,Kelurahan Maju
695,Jawa Timur,Malang,Lawang,Kelurahan Indah
696,Jawa Timur,Surabaya,Wajak,Desa Jaya
697,Jawa Timur,Malang,Wajak,Desa Damai
698,Jawa Timur,Banyuwangi,Tumpang,Kelurahan Bahagia
699,Jawa Timur,Malang,Kota,Kelurahan Maju
700,Jawa Timur,Mojokerto,Wajak,Kelurahan Permai
701,Jawa Timur,Sidoarjo,Utara,Kelurahan Sejahtera
702,Jawa Timur,Sidoarjo,Tumpang,Desa Sentosa
703,Jawa Timur,Banyuwangi,Pakis,Desa Sentosa
704,Jawa Timur,Malang,Utara,Kelurahan Sejahtera
705,Jawa Timur,Mojokerto,Singosari,Desa Makmur
706,Jawa Timur,Mojokerto,Lawang,Desa Sentosa
707,Jawa Timur,Gresik,Utara,Kelurahan Sejahtera
708,Jawa Timur,Malang,Wajak,Desa Jaya
709,Jawa Timur,Surabaya,Utara,Desa Sentosa
710,Jawa Timur,Gresik,Tengah,Desa Mulya
711,Jawa Timur,Mojokerto,Tengah,Desa Sentosa
712,Jawa Timur,Madiun,Lawang,Desa Damai
713,Jawa Timur,Surabaya,Tengah,Kelurahan Maju
714,Jawa Timur,Pasuruan,Tumpang,Desa Makmur
715,Jawa Timur,Malang,Barat,Kelurahan Sejahtera
716,Jawa Timur,Malang,Barat,Desa Jaya
717,Jawa Timur,Ngawi,Pakis,Desa Makmur
718,Jawa Timur,Malang,Timur,Kelurahan Sari
719,Jawa Timur,Banyuwangi,Pakis,Desa Mulya
720,Jawa Timur,Banyuwangi,Wajak,Kelurahan Sejahtera
721,Jawa Timur,Malang,Singosari,Kelurahan Permai
722,Jawa Timur,Banyuwangi,Pakis,Desa Jaya
723,Jawa Timur,Jember,Timur,Kelurahan Permai
724,Jawa Timur,Jember,Singosari,Desa Sentosa
725,Jawa Timur,Ponorogo,Selatan,Desa Jaya
726,Jawa Timur,Surabaya,Kota,Desa Subur
727,Jawa Timur,Blitar,Dau,Kelurahan Sari
728,Jawa Timur,Malang,Selatan,Kelurahan Sejahtera
729,Jawa Timur,Malang,Wajak,Kelurahan Indah
730,Jawa Timur,Surabaya,Wajak,Desa Sentosa
731,Jawa Timur,Jember,Selatan,Desa Asri
732,Jawa Timur,Banyuwangi,Dau,Desa Damai
733,Jawa Timur,Surabaya,Pakis,Kelurahan Sejahtera
734,Jawa Timur,Banyuwangi,Kepanjen,Desa Makmur
735,Jawa Timur,Jember,Tengah,Kelurahan Bahagia
736,Jawa Timur,Malang,Wajak,Kelurahan Permai
737,Jawa Timur,Malang,Kota,Kelurahan Indah
738,Jawa Timur,Banyuwangi,Kepanjen,Kelurahan Indah
739,Jawa Timur,Malang,Timur,Kelurahan Maju
740,Jawa Timur,Malang,Selatan,Desa Damai
741,Jawa Timur,Banyuwangi,Dau,Desa Sentosa
742,Jawa Timur,Mojokerto,Kota,Kelurahan Bahagia
743,Jawa Timur,Surabaya,Barat,Kelurahan Sari
744,Jawa Timur,Malang,Kota,Kelurahan Maju
745,Jawa Timur,Pasuruan,Barat,Desa Jaya
746,Jawa Timur,Blitar,Barat,Desa Sentosa
747,Jawa Timur,Banyuwangi,Tumpang,Kelurahan Bahagia
748,Jawa Timur,Malang,Barat,Desa Asri
749,Jawa Timur,Banyuwangi,Kepanjen,Desa Damai
750,Jawa Timur,Malang,Selatan,Desa Jaya
751,Jawa Timur,Surabaya,Kota,Kelurahan Permai
752,Jawa Timur,Surabaya,Kepanjen,Desa Mulya
753,Jawa Timur,Sidoarjo,Barat,Desa Mulya
754,Jawa Timur,Jember,Wajak,Desa Makmur
755,Jawa Timur,Jember,Pakis,Kelurahan Bahagia
756,Jawa Timur,Ponorogo,Selatan,Desa Asri
757,Jawa Timur,Jember,Selatan,Desa Sentosa
758,Jawa Timur,Surabaya,Utara,Desa Asri
759,Jawa Timur,Tulungagung,Utara,Kelurahan Sejahtera
760,Jawa Timur,Gresik,Pakis,Desa Sentosa
761,Jawa Timur,Tulungagung,Tumpang,Kelurahan Sejahtera
762,Jawa Timur,Surabaya,Singosari,Kelurahan Indah
763,Jawa Timur,Tulungagung,Tengah,Kelurahan Maju
764,Jawa Timur,Jember,Wajak,Kelurahan Permai
765,Jawa Timur,Malang,Selatan,Desa Subur
766,Jawa Timur,Malang,Utara,Desa Sentosa
767,Jawa Timur,Gresik,Kota,Kelurahan Tenteram
768,Jawa Timur,Malang,Kota,Desa Jaya
769,Jawa Timur,Surabaya,Kota,Kelurahan Maju
770,Jawa Timur,Surabaya,Singosari,Desa Mulya
771,Jawa Timur,Surabaya,Tumpang,Kelurahan Sari
772,Jawa Timur,Surabaya,Tumpang,Desa Mulya
773,Jawa Timur,Malang,Tumpang,Desa Makmur
774,Jawa Timur,Madiun,Tumpang,Desa Subur
775,Jawa Timur,Malang,Singosari,Kelurahan Sari
776,Jawa Timur,Banyuwangi,Selatan,Kelurahan Permai
777,Jawa Timur,Malang,Barat,Desa Jaya
778,Jawa Timur,Malang,Selatan,Desa Makmur
779,Jawa Timur,Tulungagung,Kepanjen,Desa Subur
780,Jawa Timur,Malang,Wajak,Kelurahan Permai
781,Jawa Timur,Malang,Pakis,Desa Subur
782,Jawa Timur,Gresik,Dau,Kelurahan Tenteram
783,Jawa Timur,Surabaya,Pakis,Kelurahan Sari
784,Jawa Timur,Banyuwangi,Kepanjen,Kelurahan Sejahtera
785,Jawa Timur,Malang,Wajak,Desa Jaya
786,Jawa Timur,Sidoarjo,Timur,Kelurahan Indah
787,Jawa Timur,Pasuruan,Selatan,Kelurahan Tenteram
788,Jawa Timur,Malang,Tumpang,Desa Subur
789,Jawa Timur,Malang,Timur,Desa Mulya
790,Jawa Timur,Banyuwangi,Kepanjen,Kelurahan Permai
791,Jawa Timur,Malang,Kota,Desa Sentosa
792,Jawa Timur,Malang,Wajak,Kelurahan Permai
793,Jawa Timur,Banyuwangi,Tengah,Desa Sentosa
794,Jawa Timur,Surabaya,Singosari,Kelurahan Tenteram
795,Jawa Timur,Malang,Wajak,Kelurahan Sari
796,Jawa Timur,Malang,Kota,Desa Sentosa
797,Jawa Timur,Jember,Tumpang,Desa Subur
798,Jawa Timur,Surabaya,Timur,Kelurahan Maju
799,Jawa Timur,Surabaya,Lawang,Kelurahan Tenteram
800,Jawa Timur,Banyuwangi,Barat,Desa Damai
801,Jawa Timur,Malang,Pakis,Desa Sentosa
802,Jawa Timur,Banyuwangi,Tengah,Desa Damai
803,Jawa Timur,Banyuwangi,Kota,Kelurahan Sejahtera
804,Jawa Timur,Surabaya,Barat,Kelurahan Bahagia
805,Jawa Timur,Surabaya,Kota,Kelurahan Tenteram
806,Jawa Timur,Malang,Singosari,Kelurahan Sari
807,Jawa Timur,Malang,Lawang,Kelurahan Maju
808,Jawa Timur,Banyuwangi,Pakis,Desa Sentosa
809,Jawa Timur,Malang,Dau,Desa Damai
810,Jawa Timur,Surabaya,Kepanjen,Kelurahan Sari
811,Jawa Timur,Jember,Selatan,Kelurahan Indah
812,Jawa Timur,Malang,Kota,Kelurahan Sari
813,Jawa Timur,Madiun,Tengah,Kelurahan Sari
814,Jawa Timur,Malang,Utara,Desa Mulya
815,Jawa Timur,Probolinggo,Kota,Kelurahan Permai
816,Jawa Timur,Banyuwangi,Wajak,Desa Subur
817,Jawa Timur,Malang,Utara,Desa Subur
818,Jawa Timur,Surabaya,Kota,Kelurahan Sari
819,Jawa Timur,Malang,Tengah,Kelurahan Sari
820,Jawa Timur,Surabaya,Barat,Kelurahan Maju
821,Jawa Timur,Jember,Pakis,Desa Damai
822,Jawa Timur,Surabaya,Tengah,Kelurahan Sejahtera
823,Jawa Timur,Banyuwangi,Dau,Kelurahan Sari
824,Jawa Timur,Pasuruan,Tengah,Kelurahan Bahagia
825,Jawa Timur,Sidoarjo,Tumpang,Kelurahan Tenteram
826,Jawa Timur,Surabaya,Kota,Desa Jaya
827,Jawa Timur,Surabaya,Utara,Desa Sentosa
828,Jawa Timur,Gresik,Utara,Desa Mulya
829,Jawa Timur,Mojokerto,Selatan,Desa Jaya
830,Jawa Timur,Mojokerto,Singosari,Desa Jaya
831,Jawa Timur,Kediri,Dau,Desa Subur
832,Jawa Timur,Kediri,Singosari,Desa Damai
833,Jawa Timur,Tulungagung,Tengah,Kelurahan Tenteram
834,Jawa Timur,Jember,Dau,Kelurahan Permai
835,Jawa Timur,Gresik,Wajak,Desa Damai
836,Jawa Timur,Malang,Pakis,Desa Subur
837,Jawa Timur,Surabaya,Singosari,Kelurahan Tenteram
838,Jawa Timur,Surabaya,Tengah,Kelurahan Tenteram
839,Jawa Timur,Banyuwangi,Dau,Kelurahan Sari
840,Jawa Timur,Banyuwangi,Tengah,Kelurahan Maju
841,Jawa Timur,Mojokerto,Tengah,Kelurahan Sari
842,Jawa Timur,Kediri,Utara,Kelurahan Bahagia
843,Jawa Timur,Malang,Selatan,Desa Sentosa
844,Jawa Timur,Malang,Selatan,Kelurahan Indah
845,Jawa Timur,Surabaya,Pakis,Kelurahan Bahagia
846,Jawa Timur,Sidoarjo,Singosari,Desa Damai
847,Jawa Timur,Banyuwangi,Tengah,Desa Mulya
848,Jawa Timur,Pasuruan,Dau,Kelurahan Tenteram
849,Jawa Timur,Blitar,Tumpang,Desa Subur
850,Jawa Timur,Gresik,Kota,Kelurahan Indah
851,Jawa Timur,Blitar,Singosari,Desa Makmur
852,Jawa Timur,Gresik,Pakis,Kelurahan Sari
853,Jawa Timur,Surabaya,Wajak,Desa Damai
854,Jawa Timur,Gresik,Tumpang,Kelurahan Tenteram
855,Jawa Timur,Banyuwangi,Singosari,Kelurahan Sari
856,Jawa Timur,Banyuwangi,Barat,Desa Subur
857,Jawa Timur,Gresik,Kepanjen,Kelurahan Tenteram
858,Jawa Timur,Surabaya,Barat,Kelurahan Bahagia
859,Jawa Timur,Probolinggo,Utara,Desa Makmur
860,Jawa Timur,Surabaya,Tengah,Kelurahan Permai
861,Jawa Timur,Jember,Kepanjen,Desa Damai
862,Jawa Timur,Sidoarjo,Kota,Desa Damai
863,Jawa Timur,Sidoarjo,Timur,Desa Subur
864,Jawa Timur,Gresik,Singosari,Kelurahan Maju
865,Jawa Timur,Malang,Kepanjen,Desa Asri
866,Jawa Timur,Surabaya,Lawang,Desa Mulya
867,Jawa Timur,Surabaya,Kota,Desa Jaya
868,Jawa Timur,Jember,Timur,Kelurahan Sari
869,Jawa Timur,Gresik,Tengah,Desa Sentosa
870,Jawa Timur,Banyuwangi,Utara,Desa Mulya
871,Jawa Timur,Malang,Barat,Desa Damai
872,Jawa Timur,Malang,Lawang,Desa Asri
873,Jawa Timur,Surabaya,Wajak,Kelurahan Permai
874,Jawa Timur,Surabaya,Tumpang,Kelurahan Permai
875,Jawa Timur,Jember,Pakis,Desa Subur
876,Jawa Timur,Surabaya,Tumpang,Desa Asri
877,Jawa Timur,Ponorogo,Lawang,Desa Asri
878,Jawa Timur,Surabaya,Pakis,Desa Subur
879,Jawa Timur,Surabaya,Wajak,Desa Sentosa
880,Jawa Timur,Malang,Pakis,Desa Asri
881,Jawa Timur,Pasuruan,Lawang,Kelurahan Indah
882,Jawa Timur,Mojokerto,Kepanjen,Desa Damai
883,Jawa Timur,Banyuwangi,Timur,Desa Sentosa
884,Jawa Timur,Banyuwangi,Utara,Desa Asri
885,Jawa Timur,Sidoarjo,Pakis,Desa Makmur
886,Jawa Timur,Malang,Tengah,Desa Mulya
887,Jawa Timur,Surabaya,Tengah,Desa Asri
888,Jawa Timur,Jember,Wajak,Kelurahan Maju
889,Jawa Timur,Probolinggo,Kota,Desa Damai
890,Jawa Timur,Malang,Singosari,Kelurahan Permai
891,Jawa Timur,Malang,Utara,Kelurahan Indah
892,Jawa Timur,Banyuwangi,Utara,Desa Mulya
893,Jawa Timur,Malang,Tumpang,Kelurahan Maju
894,Jawa Timur,Surabaya,Dau,Desa Jaya
895,Jawa Timur,Surabaya,Lawang,Kelurahan Sari
896,Jawa Timur,Banyuwangi,Tumpang,Kelurahan Sari
897,Jawa Timur,Probolinggo,Kota,Desa Makmur
898,Jawa Timur,Banyuwangi,Utara,Kelurahan Permai
899,Jawa Timur,Malang,Selatan,Kelurahan Indah
900,Jawa Timur,Probolinggo,Timur,Desa Makmur
901,Jawa Timur,Surabaya,Kota,Desa Makmur
902,Jawa Timur,Surabaya,Wajak,Desa Sentosa
903,Jawa Timur,Banyuwangi,Wajak,Kelurahan Permai
904,Jawa Timur,Surabaya,Utara,Kelurahan Bahagia
905,Jawa Timur,Malang,Selatan,Kelurahan Sari
906,Jawa Timur,Malang,Kota,Kelurahan Sari
907,Jawa Timur,Jember,Singosari,Kelurahan Bahagia
908,Jawa Timur,Malang,Tumpang,Desa Jaya
909,Jawa Timur,Surabaya,Wajak,Desa Jaya
910,Jawa Timur,Mojokerto,Tengah,Desa Damai
911,Jawa Timur,Jember,Barat,Desa Subur
912,Jawa Timur,Surabaya,Tumpang,Desa Makmur
913,Jawa Timur,Surabaya,Kota,Kelurahan Permai
914,Jawa Timur,Malang,Singosari,Kelurahan Bahagia
915,Jawa Timur,Surabaya,Pakis,Kelurahan Indah
916,Jawa Timur,Surabaya,Kepanjen,Desa Makmur
917,Jawa Timur,Banyuwangi,Tengah,Kelurahan Maju
918,Jawa Timur,Kediri,Wajak,Desa Jaya
919,Jawa Timur,Blitar,Wajak,Kelurahan Sejahtera
920,Jawa Timur,Surabaya,Tengah,Kelurahan Maju
921,Jawa Timur,Surabaya,Tengah,Desa Subur
922,Jawa Timur,Probolinggo,Pakis,Desa Makmur
923,Jawa Timur,Surabaya,Singosari,Kelurahan Bahagia
924,Jawa Timur,Malang,Selatan,Desa Mulya
925,Jawa Timur,Malang,Tengah,Kelurahan Tenteram
926,Jawa Timur,Surabaya,Singosari,Kelurahan Permai
927,Jawa Timur,Surabaya,Singosari,Kelurahan Sejahtera
928,Jawa Timur,Ponorogo,Timur,Desa Subur
929,Jawa Timur,Surabaya,Pakis,Desa Damai
930,Jawa Timur,Sidoarjo,Timur,Kelurahan Bahagia
931,Jawa Timur,Gresik,Kepanjen,Kelurahan Permai
932,Jawa Timur,Surabaya,Kota,Kelurahan Sari
933,Jawa Timur,Banyuwangi,Kota,Desa Asri
934,Jawa Timur,Malang,Wajak,Desa Makmur
935,Jawa Timur,Malang,Kepanjen,Desa Damai
936,Jawa Timur,Kediri,Barat,Desa Asri
937,Jawa Timur,Mojokerto,Tengah,Desa Subur
938,Jawa Timur,Surabaya,Singosari,Kelurahan Sari
939,Jawa Timur,Jember,Singosari,Kelurahan Permai
940,Jawa Timur,Malang,Timur,Kelurahan Maju
941,Jawa Timur,Probolinggo,Dau,Desa Subur
942,Jawa Timur,Banyuwangi,Utara,Kelurahan Sejahtera
943,Jawa Timur,Surabaya,Selatan,Desa Sentosa
944,Jawa Timur,Surabaya,Singosari,Kelurahan Bahagia
945,Jawa Timur,Surabaya,Kepanjen,Desa Asri
946,Jawa Timur,Malang,Wajak,Desa Asri
947,Jawa Timur,Malang,Tengah,Kelurahan Sejahtera
948,Jawa Timur,Malang,Utara,Desa Sentosa
949,Jawa Timur,Gresik,Selatan,Desa Subur
950,Jawa Timur,Banyuwangi,Timur,Desa Makmur
951,Jawa Timur,Sidoarjo,Wajak,Desa Damai
952,Jawa Timur,Blitar,Kota,Kelurahan Indah
953,Jawa Timur,Surabaya,Lawang,Desa Makmur
954,Jawa Timur,Surabaya,Dau,Kelurahan Indah
955,Jawa Timur,Malang,Selatan,Desa Makmur
956,Jawa Timur,Surabaya,Barat,Kelurahan Sejahtera
957,Jawa Timur,Banyuwangi,Timur,Kelurahan Bahagia
958,Jawa Timur,Banyuwangi,Kepanjen,Desa Sentosa
959,Jawa Timur,Pasuruan,Timur,Desa Sentosa
960,Jawa Timur,Kediri,Lawang,Desa Asri
961,Jawa Timur,Malang,Lawang,Kelurahan Indah
962,Jawa Timur,Mojokerto,Singosari,Kelurahan Maju
963,Jawa Timur,Surabaya,Lawang,Desa Damai
964,Jawa Timur,Jember,Lawang,Kelurahan Sejahtera
965,Jawa Timur,Banyuwangi,Kepanjen,Desa Asri
966,Jawa Timur,Surabaya,Tengah,Kelurahan Bahagia
967,Jawa Timur,Gresik,Pakis,Kelurahan Permai
968,Jawa Timur,Sidoarjo,Barat,Desa Jaya
969,Jawa Timur,Mojokerto,Selatan,Kelurahan Bahagia
970,Jawa Timur,Malang,Timur,Kelurahan Indah
971,Jawa Timur,Madiun,Barat,Kelurahan Permai
972,Jawa Timur,Blitar,Tumpang,Kelurahan Permai
973,Jawa Timur,Jember,Timur,Desa Damai
974,Jawa Timur,Surabaya,Utara,Kelurahan Permai
975,Jawa Timur,Malang,Dau,Kelurahan Indah
976,Jawa Timur,Surabaya,Dau,Desa Subur
977,Jawa Timur,Kediri,Barat,Desa Jaya
978,Jawa Timur,Malang,Wajak,Desa Mulya
979,Jawa Timur,Banyuwangi,Barat,Kelurahan Permai
980,Jawa Timur,Jember,Barat,Desa Sentosa
981,Jawa Timur,Malang,Tengah,Kelurahan Sejahtera
982,Jawa Timur,Jember,Barat,Desa Damai
983,Jawa Timur,Malang,Tengah,Desa Sentosa
984,Jawa Timur,Blitar,Lawang,Desa Jaya
985,Jawa Timur,Sidoarjo,Kota,Kelurahan Indah
986,Jawa Timur,Surabaya,Selatan,Kelurahan Sejahtera
987,Jawa Timur,Gresik,Wajak,Kelurahan Maju
988,Jawa Timur,Surabaya,Dau,Kelurahan Bahagia
989,Jawa Timur,Banyuwangi,Utara,Kelurahan Permai
990,Jawa Timur,Ngawi,Wajak,Desa Jaya
991,Jawa Timur,Banyuwangi,Tengah,Kelurahan Maju
992,Jawa Timur,Mojokerto,Dau,Kelurahan Tenteram
993,Jawa Timur,Malang,Timur,Desa Mulya
994,Jawa Timur,Sidoarjo,Tumpang,Kelurahan Maju
995,Jawa Timur,Banyuwangi,Wajak,Kelurahan Maju
996,Jawa Timur,Surabaya,Timur,Kelurahan Tenteram
997,Jawa Timur,Malang,Lawang,Desa Makmur
998,Jawa Timur,Mojokerto,Kota,Kelurahan Sejahtera
999,Jawa Timur,Surabaya,Dau,Kelurahan Sari
1000,Jawa Timur,Sidoarjo,Selatan,Kelurahan Maju
1001,Jawa Timur,Malang,Wajak,Kelurahan Maju
1002,Jawa Timur,Probolinggo,Timur,Kelurahan Maju
1003,Jawa Timur,Surabaya,Kota,Kelurahan Indah
1004,Jawa Timur,Ponorogo,Pakis,Kelurahan Bahagia
1005,Jawa Timur,Malang,Lawang,Kelurahan Maju
1006,Jawa Timur,Sidoarjo,Dau,Desa Asri
1007,Jawa Timur,Mojokerto,Utara,Desa Subur
1008,Jawa Timur,Surabaya,Timur,Desa Asri
1009,Jawa Timur,Malang,Lawang,Desa Subur
1010,Jawa Timur,Surabaya,Tengah,Desa Sentosa
1011,Jawa Timur,Jember,Utara,Kelurahan Tenteram
1012,Jawa Timur,Probolinggo,Kota,Desa Jaya
1013,Jawa Timur,Kediri,Tumpang,Desa Asri
1014,Jawa Timur,Banyuwangi,Lawang,Desa Damai
1015,Jawa Timur,Mojokerto,Tumpang,Kelurahan Sejahtera
1016,Jawa Timur,Surabaya,Barat,Kelurahan Sejahtera
1017,Jawa Timur,Malang,Barat,Kelurahan Indah
1018,Jawa Timur,Madiun,Kepanjen,Kelurahan Permai
1019,Jawa Timur,Banyuwangi,Pakis,Desa Sentosa
1020,Jawa Timur,Banyuwangi,Utara,Kelurahan Sari
1021,Jawa Timur,Banyuwangi,Selatan,Desa Makmur
1022,Jawa Timur,Pasuruan,Lawang,Desa Mulya
1023,Jawa Timur,Surabaya,Lawang,Desa Mulya
1024,Jawa Timur,Surabaya,Selatan,Desa Sentosa
1025,Jawa Timur,Banyuwangi,Barat,Kelurahan Permai
1026,Jawa Timur,Jember,Wajak,Kelurahan Bahagia
1027,Jawa Timur,Surabaya,Tengah,Kelurahan Bahagia
1028,Jawa Timur,Gresik,Tumpang,Desa Subur
1029,Jawa Timur,Surabaya,Kepanjen,Kelurahan Sejahtera
1030,Jawa Timur,Mojokerto,Selatan,Desa Asri
1031,Jawa Timur,Tulungagung,Utara,Desa Jaya
1032,Jawa Timur,Malang,Selatan,Desa Makmur
1033,Jawa Timur,Jember,Kota,Kelurahan Tenteram
1034,Jawa Timur,Malang,Lawang,Kelurahan Sari
1035,Jawa Timur,Surabaya,Timur,Kelurahan Sari
1036,Jawa Timur,Banyuwangi,Singosari,Kelurahan Bahagia
1037,Jawa Timur,Jember,Utara,Kelurahan Maju
1038,Jawa Timur,Malang,Tengah,Desa Asri
1039,Jawa Timur,Sidoarjo,Barat,Desa Makmur
1040,Jawa Timur,Banyuwangi,Kepanjen,Kelurahan Tenteram
1041,Jawa Timur,Pasuruan,Kepanjen,Desa Damai
1042,Jawa Timur,Surabaya,Tengah,Kelurahan Indah
1043,Jawa Timur,Surabaya,Tengah,Kelurahan Sejahtera
1044,Jawa Timur,Banyuwangi,Barat,Desa Makmur
1045,Jawa Timur,Pasuruan,Utara,Kelurahan Permai
1046,Jawa Timur,Tulungagung,Tumpang,Kelurahan Maju
1047,Jawa Timur,Malang,Tengah,Kelurahan Tenteram
1048,Jawa Timur,Malang,Pakis,Kelurahan Bahagia
1049,Jawa Timur,Gresik,Tumpang,Kelurahan Permai
1050,Jawa Timur,Kediri,Lawang,Kelurahan Sari
1051,Jawa Timur,Banyuwangi,Singosari,Desa Jaya
1052,Jawa Timur,Surabaya,Tumpang,Kelurahan Indah
1053,Jawa Timur,Surabaya,Utara,Kelurahan Sejahtera
1054,Jawa Timur,Gresik,Dau,Desa Mulya
1055,Jawa Timur,Surabaya,Timur,Kelurahan Sari
1056,Jawa Timur,Banyuwangi,Kepanjen,Desa Makmur
1057,Jawa Timur,Probolinggo,Lawang,Desa Damai
1058,Jawa Timur,Malang,Dau,Kelurahan Permai
1059,Jawa Timur,Surabaya,Timur,Kelurahan Bahagia
1060,Jawa Timur,Banyuwangi,Timur,Kelurahan Sejahtera
1061,Jawa Timur,Jember,Lawang,Desa Subur
1062,Jawa Timur,Banyuwangi,Tengah,Kelurahan Bahagia
1063,Jawa Timur,Malang,Barat,Desa Jaya
1064,Jawa Timur,Surabaya,Tengah,Desa Sentosa
1065,Jawa Timur,Sidoarjo,Singosari,Kelurahan Bahagia
1066,Jawa Timur,Tulungagung,Barat,Kelurahan Bahagia
1067,Jawa Timur,Blitar,Wajak,Kelurahan Bahagia
1068,Jawa Timur,Gresik,Selatan,Kelurahan Permai
1069,Jawa Timur,Banyuwangi,Lawang,Desa Asri
1070,Jawa Timur,Surabaya,Selatan,Desa Makmur
1071,Jawa Timur,Surabaya,Pakis,Desa Jaya
1072,Jawa Timur,Surabaya,Kepanjen,Desa Mulya
1073,Jawa Timur,Surabaya,Barat,Kelurahan Permai
1074,Jawa Timur,Malang,Tumpang,Kelurahan Maju
1075,Jawa Timur,Surabaya,Kota,Desa Mulya
1076,Jawa Timur,Malang,Lawang,Desa Jaya
1077,Jawa Timur,Surabaya,Utara,Desa Mulya
1078,Jawa Timur,Malang,Dau,Desa Mulya
1079,Jawa Timur,Surabaya,Tumpang,Kelurahan Tenteram
1080,Jawa Timur,Jember,Utara,Kelurahan Tenteram
1081,Jawa Timur,Ngawi,Utara,Kelurahan Bahagia
1082,Jawa Timur,Surabaya,Kepanjen,Desa Subur
1083,Jawa Timur,Malang,Lawang,Desa Damai
1084,Jawa Timur,Surabaya,Timur,Kelurahan Sejahtera
1085,Jawa Timur,Surabaya,Pakis,Kelurahan Sari
1086,Jawa Timur,Malang,Barat,Kelurahan Tenteram
1087,Jawa Timur,Jember,Lawang,Desa Mulya
1088,Jawa Timur,Banyuwangi,Tumpang,Desa Jaya
1089,Jawa Timur,Kediri,Tengah,Desa Subur
1090,Jawa Timur,Malang,Barat,Kelurahan Maju
1091,Jawa Timur,Blitar,Pakis,Kelurahan Tenteram
1092,Jawa Timur,Kediri,Barat,Desa Mulya
1093,Jawa Timur,Surabaya,Barat,Kelurahan Bahagia
1094,Jawa Timur,Surabaya,Selatan,Desa Makmur
1095,Jawa Timur,Banyuwangi,Timur,Kelurahan Sejahtera
1096,Jawa Timur,Jember,Tumpang,Kelurahan Maju
1097,Jawa Timur,Malang,Selatan,Kelurahan Sejahtera
1098,Jawa Timur,Blitar,Singosari,Desa Sentosa
1099,Jawa Timur,Surabaya,Timur,Kelurahan Bahagia
1100,Jawa Timur,Malang,Pakis,Desa Jaya
1101,Jawa Timur,Kediri,Selatan,Desa Subur
1102,Jawa Timur,Probolinggo,Dau,Desa Damai
1103,Jawa Timur,Malang,Pakis,Kelurahan Bahagia
1104,Jawa Timur,Kediri,Tengah,Desa Subur
1105,Jawa Timur,Banyuwangi,Tumpang,Desa Asri
1106,Jawa Timur,Surabaya,Wajak,Kelurahan Sejahtera
1107,Jawa Timur,Blitar,Pakis,Desa Sentosa
1108,Jawa Timur,Jember,Utara,Desa Asri
1109,Jawa Timur,Jember,Kota,Kelurahan Indah
1110,Jawa Timur,Banyuwangi,Utara,Desa Makmur
1111,Jawa Timur,Ponorogo,Pakis,Desa Makmur
1112,Jawa Timur,Surabaya,Tengah,Kelurahan Permai
1113,Jawa Timur,Probolinggo,Selatan,Kelurahan Tenteram
1114,Jawa Timur,Jember,Kepanjen,Desa Asri
1115,Jawa Timur,Surabaya,Singosari,Desa Makmur
1116,Jawa Timur,Gresik,Barat,Desa Sentosa
1117,Jawa Timur,Malang,Kota,Kelurahan Maju
1118,Jawa Timur,Surabaya,Singosari,Desa Asri
1119,Jawa Timur,Malang,Utara,Kelurahan Sejahtera
1120,Jawa Timur,Malang,Dau,Kelurahan Sejahtera
1121,Jawa Timur,Banyuwangi,Wajak,Desa Damai
1122,Jawa Timur,Banyuwangi,Dau,Kelurahan Indah
1123,Jawa Timur,Jember,Kepanjen,Kelurahan Sejahtera
1124,Jawa Timur,Probolinggo,Dau,Desa Mulya
1125,Jawa Timur,Probolinggo,Lawang,Kelurahan Sari
1126,Jawa Timur,Surabaya,Dau,Desa Mulya
1127,Jawa Timur,Malang,Kepanjen,Desa Jaya
1128,Jawa Timur,Surabaya,Pakis,Kelurahan Permai
1129,Jawa Timur,Surabaya,Kepanjen,Desa Asri
1130,Jawa Timur,Malang,Utara,Kelurahan Tenteram
1131,Jawa Timur,Surabaya,Wajak,Kelurahan Sejahtera
1132,Jawa Timur,Surabaya,Selatan,Desa Damai
1133,Jawa Timur,Surabaya,Tumpang,Desa Mulya
1134,Jawa Timur,Banyuwangi,Singosari,Desa Jaya
1135,Jawa Timur,Malang,Singosari,Desa Asri
1136,Jawa Timur,Banyuwangi,Barat,Kelurahan Bahagia
1137,Jawa Timur,Banyuwangi,Kota,Desa Damai
1138,Jawa Timur,Banyuwangi,Wajak,Desa Jaya
1139,Jawa Timur,Probolinggo,Pakis,Desa Sentosa
1140,Jawa Timur,Malang,Dau,Kelurahan Maju
1141,Jawa Timur,Sidoarjo,Tumpang,Desa Asri
1142,Jawa Timur,Surabaya,Utara,Kelurahan Sejahtera
1143,Jawa Timur,Surabaya,Timur,Desa Jaya
1144,Jawa Timur,Mojokerto,Singosari,Kelurahan Maju
1145,Jawa Timur,Kediri,Wajak,Kelurahan Tenteram
1146,Jawa Timur,Banyuwangi,Selatan,Kelurahan Maju
1147,Jawa Timur,Surabaya,Kota,Desa Jaya
1148,Jawa Timur,Tulungagung,Utara,Kelurahan Permai
1149,Jawa Timur,Gresik,Timur,Kelurahan Sejahtera
1150,Jawa Timur,Surabaya,Pakis,Desa Makmur
1151,Jawa Timur,Probolinggo,Timur,Desa Sentosa
1152,Jawa Timur,Banyuwangi,Singosari,Desa Subur
1153,Jawa Timur,Malang,Lawang,Kelurahan Maju
1154,Jawa Timur,Ponorogo,Pakis,Desa Asri
1155,Jawa Timur,Surabaya,Tumpang,Kelurahan Maju
1156,Jawa Timur,Gresik,Utara,Kelurahan Sari
1157,Jawa Timur,Malang,Wajak,Desa Jaya
1158,Jawa Timur,Banyuwangi,Tengah,Desa Makmur
1159,Jawa Timur,Surabaya,Utara,Desa Sentosa
1160,Jawa Timur,Banyuwangi,Dau,Desa Sentosa
1161,Jawa Timur,Malang,Tengah,Desa Asri
1162,Jawa Timur,Surabaya,Kota,Kelurahan Sari
1163,Jawa Timur,Jember,Pakis,Kelurahan Indah
1164,Jawa Timur,Banyuwangi,Wajak,Kelurahan Sari
1165,Jawa Timur,Surabaya,Lawang,Kelurahan Bahagia
1166,Jawa Timur,Banyuwangi,Singosari,Kelurahan Maju
1167,Jawa Timur,Malang,Selatan,Desa Asri
1168,Jawa Timur,Surabaya,Kepanjen,Kelurahan Sari
1169,Jawa Timur,Surabaya,Timur,Desa Jaya
1170,Jawa Timur,Sidoarjo,Kota,Desa Damai
1171,Jawa Timur,Pasuruan,Pakis,Kelurahan Indah
1172,Jawa Timur,Probolinggo,Timur,Desa Makmur
1173,Jawa Timur,Banyuwangi,Tengah,Desa Subur
1174,Jawa Timur,Banyuwangi,Singosari,Desa Asri
1175,Jawa Timur,Surabaya,Timur,Kelurahan Sari
1176,Jawa Timur,Surabaya,Selatan,Desa Makmur
1177,Jawa Timur,Banyuwangi,Tengah,Kelurahan Permai
1178,Jawa Timur,Jember,Selatan,Desa Makmur
1179,Jawa Timur,Kediri,Tengah,Kelurahan Indah
1180,Jawa Timur,Jember,Utara,Kelurahan Tenteram
1181,Jawa Timur,Jember,Kota,Desa Subur
1182,Jawa Timur,Surabaya,Kota,Desa Mulya
1183,Jawa Timur,Malang,Selatan,Kelurahan Sari
1184,Jawa Timur,Surabaya,Tumpang,Kelurahan Bahagia
1185,Jawa Timur,Banyuwangi,Selatan,Desa Asri
1186,Jawa Timur,Jember,Pakis,Desa Asri
1187,Jawa Timur,Surabaya,Singosari,Desa Subur
1188,Jawa Timur,Kediri,Barat,Desa Jaya
1189,Jawa Timur,Surabaya,Singosari,Desa Asri
1190,Jawa Timur,Banyuwangi,Tumpang,Desa Damai
1191,Jawa Timur,Surabaya,Barat,Desa Mulya
1192,Jawa Timur,Surabaya,Wajak,Kelurahan Sari
1193,Jawa Timur,Jember,Kota,Desa Makmur
1194,Jawa Timur,Madiun,Utara,Kelurahan Tenteram
1195,Jawa Timur,Sidoarjo,Kepanjen,Kelurahan Permai
1196,Jawa Timur,Surabaya,Dau,Desa Jaya
1197,Jawa Timur,Malang,Dau,Desa Asri
1198,Jawa Timur,Gresik,Dau,Desa Damai
1199,Jawa Timur,Madiun,Selatan,Desa Asri
1200,Jawa Timur,Jember,Singosari,Kelurahan Bahagia
1201,Jawa Timur,Surabaya,Kepanjen,Kelurahan Indah
1202,Jawa Timur,Madiun,Tumpang,Desa Makmur
1203,Jawa Timur,Banyuwangi,Timur,Kelurahan Indah
1204,Jawa Timur,Surabaya,Timur,Kelurahan Permai
1205,Jawa Timur,Surabaya,Wajak,Desa Jaya
1206,Jawa Timur,Surabaya,Barat,Kelurahan Indah
1207,Jawa Timur,Malang,Singosari,Desa Jaya
1208,Jawa Timur,Surabaya,Utara,Desa Subur
1209,Jawa Timur,Malang,Utara,Kelurahan Maju
1210,Jawa Timur,Banyuwangi,Kepanjen,Desa Asri
1211,Jawa Timur,Probolinggo,Tumpang,Kelurahan Permai
1212,Jawa Timur,Surabaya,Tumpang,Kelurahan Sari
1213,Jawa Timur,Gresik,Kota,Kelurahan Sari
1214,Jawa Timur,Jember,Wajak,Desa Sentosa
1215,Jawa Timur,Malang,Kepanjen,Kelurahan Sejahtera
1216,Jawa Timur,Sidoarjo,Selatan,Desa Makmur
1217,Jawa Timur,Banyuwangi,Kepanjen,Kelurahan Indah
1218,Jawa Timur,Jember,Wajak,Desa Jaya
1219,Jawa Timur,Banyuwangi,Tumpang,Kelurahan Tenteram
1220,Jawa Timur,Surabaya,Kepanjen,Kelurahan Sari
1221,Jawa Timur,Ponorogo,Kepanjen,Kelurahan Permai
1222,Jawa Timur,Surabaya,Kepanjen,Kelurahan Permai
1223,Jawa Timur,Malang,Tengah,Kelurahan Tenteram
1224,Jawa Timur,Gresik,Tumpang,Kelurahan Tenteram
1225,Jawa Timur,Malang,Tumpang,Kelurahan Tenteram
1226,Jawa Timur,Malang,Utara,Kelurahan Bahagia
1227,Jawa Timur,Malang,Singosari,Kelurahan Tenteram
1228,Jawa Timur,Jember,Singosari,Desa Asri
1229,Jawa Timur,Mojokerto,Kota,Kelurahan Permai
1230,Jawa Timur,Mojokerto,Timur,Kelurahan Bahagia
1231,Jawa Timur,Malang,Dau,Kelurahan Sari
1232,Jawa Timur,Malang,Wajak,Kelurahan Sejahtera
1233,Jawa Timur,Surabaya,Wajak,Kelurahan Sari
1234,Jawa Timur,Kediri,Barat,Kelurahan Tenteram
1235,Jawa Timur,Jember,Utara,Kelurahan Tenteram
1236,Jawa Timur,Surabaya,Tengah,Kelurahan Tenteram
1237,Jawa Timur,Surabaya,Lawang,Desa Asri
1238,Jawa Timur,Ponorogo,Utara,Kelurahan Tenteram
1239,Jawa Timur,Malang,Utara,Kelurahan Indah
1240,Jawa Timur,Banyuwangi,Kepanjen,Kelurahan Sari
1241,Jawa Timur,Blitar,Utara,Desa Jaya
1242,Jawa Timur,Surabaya,Barat,Desa Asri
1243,Jawa Timur,Jember,Dau,Kelurahan Sari
1244,Jawa Timur,Banyuwangi,Kota,Kelurahan Indah
1245,Jawa Timur,Surabaya,Timur,Kelurahan Sejahtera
1246,Jawa Timur,Surabaya,Kota,Desa Subur
1247,Jawa Timur,Banyuwangi,Lawang,Kelurahan Indah
1248,Jawa Timur,Malang,Timur,Kelurahan Sari
1249,Jawa Timur,Malang,Singosari,Kelurahan Sari
1250,Jawa Timur,Sidoarjo,Kota,Kelurahan Tenteram
