No,Provinsi,Kabupaten/Kota,Kecamatan,Desa / Kelurahan
1,Jawa Timur,Blitar,Pakis,Kelurahan Tenteram
2,Jawa Timur,Blitar,Lawang,Kelurahan Indah
3,Jawa Timur,Jombang,Pakis,Kelurahan Tenteram
4,Jawa Timur,Blitar,Lawang,Desa Sentosa
5,Jawa Timur,Blitar,Timur,Desa Sentosa
6,Jawa Timur,Madiun,Dau,Kelurahan Sejahtera
7,Jawa Timur,Madiun,Barat,Kelurahan Maju
8,Jawa Timur,Trenggalek,Singosari,Desa Subur
9,Jawa Timur,Jombang,Utara,Kelurahan Indah
10,Jawa Timur,Kediri,Timur,Desa Damai
11,Jawa Timur,Kediri,Pakis,Desa Asri
12,Jawa Timur,Ngawi,Kota,Kelurahan Sejahtera
13,Jawa Timur,Jombang,Tumpang,Kelurahan Bahagia
14,Jawa Timur,Madiun,Pakis,Desa Makmur
15,Jawa Timur,Blitar,Kepanjen,Desa Sentosa
16,Jawa Timur,Kediri,Utara,Kelurahan Tenteram
17,Jawa Timur,Ngawi,Wajak,Desa Makmur
18,Jawa Timur,Kediri,Kota,Desa Subur
19,Jawa Timur,Tulungagung,Barat,Kelurahan Permai
20,Jawa Timur,Ponorogo,Pakis,Desa Makmur
21,Jawa Timur,Tulungagung,Wajak,Desa Asri
22,Jawa Timur,Madiun,Barat,Desa Asri
23,Jawa Timur,Blitar,Wajak,Desa Subur
24,Jawa Timur,Tulungagung,Tumpang,Kelurahan Maju
25,Jawa Timur,Jombang,Barat,Desa Makmur
26,Jawa Timur,Tulungagung,Tumpang,Kelurahan Maju
27,Jawa Timur,Madiun,Lawang,Kelurahan Sari
28,Jawa Timur,Trenggalek,Lawang,Kelurahan Bahagia
29,Jawa Timur,Kediri,Tengah,Desa Mulya
30,Jawa Timur,Ponorogo,Dau,Desa Subur
31,Jawa Timur,Nganjuk,Dau,Kelurahan Indah
32,Jawa Timur,Tulungagung,Dau,Desa Jaya
33,Jawa Timur,Tulungagung,Barat,Kelurahan Indah
34,Jawa Timur,Tulungagung,Barat,Kelurahan Maju
35,Jawa Timur,Kediri,Pakis,Kelurahan Permai
36,Jawa Timur,Kediri,Wajak,Desa Mulya
37,Jawa Timur,Jombang,Selatan,Desa Makmur
38,Jawa Timur,Kediri,Dau,Kelurahan Maju
39,Jawa Timur,Blitar,Wajak,Kelurahan Tenteram
40,Jawa Timur,Tulungagung,Utara,Desa Mulya
41,Jawa Timur,Jombang,Wajak,Desa Makmur
42,Jawa Timur,Mojokerto,Kota,Kelurahan Maju
43,Jawa Timur,Kediri,Tengah,Kelurahan Maju
44,Jawa Timur,Blitar,Singosari,Desa Subur
45,Jawa Timur,Jombang,Selatan,Kelurahan Bahagia
46,Jawa Timur,Madiun,Kota,Kelurahan Indah
47,Jawa Timur,Kediri,Kepanjen,Desa Sentosa
48,Jawa Timur,Ponorogo,Utara,Kelurahan Tenteram
49,Jawa Timur,Kediri,Tengah,Kelurahan Tenteram
50,Jawa Timur,Madiun,Kota,Kelurahan Permai
51,Jawa Timur,Kediri,Kota,Kelurahan Indah
52,Jawa Timur,Ngawi,Timur,Desa Sentosa
53,Jawa Timur,Nganjuk,Timur,Desa Mulya
54,Jawa Timur,Tulungagung,Pakis,Kelurahan Indah
55,Jawa Timur,Jombang,Tumpang,Desa Sentosa
56,Jawa Timur,Pacitan,Barat,Kelurahan Permai
57,Jawa Timur,Madiun,Wajak,Desa Mulya
58,Jawa Timur,Trenggalek,Dau,Desa Subur
59,Jawa Timur,Blitar,Singosari,Desa Mulya
60,Jawa Timur,Kediri,Utara,Kelurahan Tenteram
61,Jawa Timur,Kediri,Pakis,Kelurahan Indah
62,Jawa Timur,Ngawi,Tumpang,Kelurahan Bahagia
63,Jawa Timur,Kediri,Barat,Desa Makmur
64,Jawa Timur,Ponorogo,Kota,Kelurahan Sari
65,Jawa Timur,Blitar,Wajak,Desa Jaya
66,Jawa Timur,Kediri,Pakis,Desa Sentosa
67,Jawa Timur,Blitar,Selatan,Desa Asri
68,Jawa Timur,Kediri,Singosari,Desa Subur
69,Jawa Timur,Kediri,Barat,Desa Mulya
70,Jawa Timur,Blitar,Kota,Desa Makmur
71,Jawa Timur,Pacitan,Barat,Desa Damai
72,Jawa Timur,Jombang,Lawang,Desa Asri
73,Jawa Timur,Bojonegoro,Kota,Desa Mulya
74,Jawa Timur,Blitar,Wajak,Kelurahan Sari
75,Jawa Timur,Tulungagung,Barat,Kelurahan Sejahtera
76,Jawa Timur,Tulungagung,Kota,Desa Makmur
77,Jawa Timur,Madiun,Wajak,Kelurahan Indah
78,Jawa Timur,Blitar,Dau,Kelurahan Indah
79,Jawa Timur,Kediri,Kepanjen,Kelurahan Bahagia
80,Jawa Timur,Blitar,Timur,Desa Makmur
81,Jawa Timur,Ponorogo,Dau,Kelurahan Permai
82,Jawa Timur,Blitar,Kota,Desa Jaya
83,Jawa Timur,Tulungagung,Singosari,Kelurahan Tenteram
84,Jawa Timur,Kediri,Dau,Kelurahan Bahagia
85,Jawa Timur,Kediri,Kota,Kelurahan Sejahtera
86,Jawa Timur,Blitar,Wajak,Desa Jaya
87,Jawa Timur,Trenggalek,Kepanjen,Kelurahan Indah
88,Jawa Timur,Mojokerto,Tengah,Desa Asri
89,Jawa Timur,Kediri,Wajak,Kelurahan Permai
90,Jawa Timur,Tulungagung,Kota,Desa Subur
91,Jawa Timur,Blitar,Dau,Kelurahan Indah
92,Jawa Timur,Magetan,Kepanjen,Kelurahan Permai
93,Jawa Timur,Kediri,Wajak,Kelurahan Bahagia
94,Jawa Timur,Trenggalek,Lawang,Kelurahan Maju
95,Jawa Timur,Madiun,Kepanjen,Kelurahan Permai
96,Jawa Timur,Blitar,Barat,Desa Makmur
97,Jawa Timur,Madiun,Kota,Kelurahan Sari
98,Jawa Timur,Kediri,Dau,Desa Makmur
99,Jawa Timur,Tulungagung,Kota,Desa Sentosa
100,Jawa Timur,Blitar,Pakis,Desa Mulya
101,Jawa Timur,Blitar,Kepanjen,Kelurahan Tenteram
102,Jawa Timur,Jombang,Tengah,Kelurahan Sari
103,Jawa Timur,Trenggalek,Lawang,Desa Jaya
104,Jawa Timur,Ngawi,Tumpang,Kelurahan Bahagia
105,Jawa Timur,Blitar,Dau,Kelurahan Indah
106,Jawa Timur,Blitar,Selatan,Kelurahan Sejahtera
107,Jawa Timur,Ponorogo,Timur,Kelurahan Sari
108,Jawa Timur,Mojokerto,Kota,Kelurahan Bahagia
109,Jawa Timur,Tulungagung,Tengah,Desa Damai
110,Jawa Timur,Blitar,Pakis,Desa Asri
111,Jawa Timur,Madiun,Tumpang,Desa Jaya
112,Jawa Timur,Magetan,Wajak,Desa Asri
113,Jawa Timur,Blitar,Timur,Desa Mulya
114,Jawa Timur,Ngawi,Timur,Desa Mulya
115,Jawa Timur,Ponorogo,Wajak,Kelurahan Sejahtera
116,Jawa Timur,Bojonegoro,Pakis,Kelurahan Permai
117,Jawa Timur,Blitar,Tumpang,Kelurahan Sari
118,Jawa Timur,Kediri,Utara,Desa Subur
119,Jawa Timur,Kediri,Utara,Desa Sentosa
120,Jawa Timur,Mojokerto,Tumpang,Desa Subur
121,Jawa Timur,Ponorogo,Tengah,Kelurahan Permai
122,Jawa Timur,Kediri,Selatan,Desa Asri
123,Jawa Timur,Kediri,Lawang,Kelurahan Permai
124,Jawa Timur,Blitar,Selatan,Desa Makmur
125,Jawa Timur,Mojokerto,Utara,Kelurahan Sari
126,Jawa Timur,Jombang,Barat,Desa Subur
127,Jawa Timur,Ngawi,Pakis,Kelurahan Indah
128,Jawa Timur,Kediri,Kepanjen,Desa Sentosa
129,Jawa Timur,Blitar,Wajak,Desa Jaya
130,Jawa Timur,Blitar,Wajak,Desa Makmur
131,Jawa Timur,Nganjuk,Dau,Kelurahan Sejahtera
132,Jawa Timur,Blitar,Pakis,Kelurahan Sejahtera
133,Jawa Timur,Magetan,Dau,Desa Sentosa
134,Jawa Timur,Tulungagung,Kota,Kelurahan Tenteram
135,Jawa Timur,Magetan,Timur,Desa Makmur
136,Jawa Timur,Ponorogo,Selatan,Desa Subur
137,Jawa Timur,Tulungagung,Timur,Desa Subur
138,Jawa Timur,Kediri,Tengah,Kelurahan Sejahtera
139,Jawa Timur,Kediri,Tumpang,Desa Asri
140,Jawa Timur,Blitar,Kepanjen,Kelurahan Maju
141,Jawa Timur,Tulungagung,Tumpang,Desa Jaya
142,Jawa Timur,Magetan,Lawang,Desa Makmur
143,Jawa Timur,Blitar,Utara,Kelurahan Sari
144,Jawa Timur,Nganjuk,Timur,Kelurahan Bahagia
145,Jawa Timur,Blitar,Lawang,Kelurahan Sejahtera
146,Jawa Timur,Kediri,Kota,Kelurahan Maju
147,Jawa Timur,Tulungagung,Barat,Desa Sentosa
148,Jawa Timur,Blitar,Selatan,Desa Jaya
149,Jawa Timur,Kediri,Utara,Kelurahan Bahagia
150,Jawa Timur,Ngawi,Singosari,Desa Makmur
151,Jawa Timur,Tulungagung,Kepanjen,Kelurahan Bahagia
152,Jawa Timur,Kediri,Tumpang,Kelurahan Maju
153,Jawa Timur,Blitar,Kota,Kelurahan Maju
154,Jawa Timur,Mojokerto,Wajak,Desa Jaya
155,Jawa Timur,Ponorogo,Dau,Desa Jaya
156,Jawa Timur,Jombang,Barat,Kelurahan Tenteram
157,Jawa Timur,Kediri,Kepanjen,Kelurahan Bahagia
158,Jawa Timur,Blitar,Selatan,Desa Asri
159,Jawa Timur,Madiun,Kota,Kelurahan Bahagia
160,Jawa Timur,Trenggalek,Kota,Kelurahan Bahagia
161,Jawa Timur,Blitar,Tumpang,Kelurahan Sari
162,Jawa Timur,Kediri,Wajak,Kelurahan Maju
163,Jawa Timur,Kediri,Barat,Kelurahan Bahagia
164,Jawa Timur,Blitar,Timur,Kelurahan Indah
165,Jawa Timur,Magetan,Barat,Desa Sentosa
166,Jawa Timur,Madiun,Selatan,Desa Mulya
167,Jawa Timur,Trenggalek,Selatan,Kelurahan Tenteram
168,Jawa Timur,Bojonegoro,Kepanjen,Kelurahan Maju
169,Jawa Timur,Tulungagung,Singosari,Desa Makmur
170,Jawa Timur,Pacitan,Wajak,Kelurahan Sari
171,Jawa Timur,Blitar,Kota,Kelurahan Sari
172,Jawa Timur,Kediri,Kepanjen,Desa Makmur
173,Jawa Timur,Mojokerto,Selatan,Kelurahan Sari
174,Jawa Timur,Ngawi,Tumpang,Desa Makmur
175,Jawa Timur,Blitar,Selatan,Desa Sentosa
176,Jawa Timur,Tulungagung,Pakis,Kelurahan Indah
177,Jawa Timur,Blitar,Tumpang,Kelurahan Sari
178,Jawa Timur,Jombang,Tengah,Kelurahan Permai
179,Jawa Timur,Blitar,Timur,Desa Damai
180,Jawa Timur,Blitar,Tumpang,Desa Asri
181,Jawa Timur,Nganjuk,Dau,Desa Subur
182,Jawa Timur,Blitar,Utara,Kelurahan Maju
183,Jawa Timur,Blitar,Lawang,Kelurahan Tenteram
184,Jawa Timur,Ponorogo,Dau,Desa Mulya
185,Jawa Timur,Tulungagung,Pakis,Desa Sentosa
186,Jawa Timur,Blitar,Dau,Desa Damai
187,Jawa Timur,Tulungagung,Singosari,Desa Subur
188,Jawa Timur,Tulungagung,Pakis,Kelurahan Indah
189,Jawa Timur,Tulungagung,Timur,Desa Jaya
190,Jawa Timur,Tulungagung,Singosari,Kelurahan Indah
191,Jawa Timur,Tulungagung,Barat,Kelurahan Bahagia
192,Jawa Timur,Bojonegoro,Lawang,Kelurahan Maju
193,Jawa Timur,Kediri,Selatan,Kelurahan Indah
194,Jawa Timur,Kediri,Utara,Kelurahan Bahagia
195,Jawa Timur,Kediri,Barat,Desa Mulya
196,Jawa Timur,Sidoarjo,Timur,Desa Asri
197,Jawa Timur,Madiun,Singosari,Desa Jaya
198,Jawa Timur,Blitar,Dau,Desa Asri
199,Jawa Timur,Ngawi,Dau,Kelurahan Bahagia
200,Jawa Timur,Kediri,Wajak,Desa Subur
201,Jawa Timur,Jombang,Timur,Desa Jaya
202,Jawa Timur,Ngawi,Lawang,Desa Mulya
203,Jawa Timur,Ponorogo,Utara,Kelurahan Maju
204,Jawa Timur,Ngawi,Lawang,Desa Asri
205,Jawa Timur,Nganjuk,Timur,Kelurahan Sari
206,Jawa Timur,Kediri,Tengah,Kelurahan Bahagia
207,Jawa Timur,Sidoarjo,Pakis,Desa Damai
208,Jawa Timur,Kediri,Lawang,Kelurahan Bahagia
209,Jawa Timur,Kediri,Utara,Desa Jaya
210,Jawa Timur,Kediri,Tengah,Desa Sentosa
211,Jawa Timur,Tulungagung,Kota,Desa Jaya
212,Jawa Timur,Pacitan,Kota,Kelurahan Bahagia
213,Jawa Timur,Ngawi,Tumpang,Kelurahan Bahagia
214,Jawa Timur,Tulungagung,Selatan,Desa Mulya
215,Jawa Timur,Tulungagung,Selatan,Kelurahan Sari
216,Jawa Timur,Blitar,Lawang,Kelurahan Tenteram
217,Jawa Timur,Kediri,Tumpang,Kelurahan Sejahtera
218,Jawa Timur,Nganjuk,Lawang,Kelurahan Tenteram
219,Jawa Timur,Blitar,Lawang,Kelurahan Indah
220,Jawa Timur,Blitar,Wajak,Kelurahan Permai
221,Jawa Timur,Blitar,Timur,Kelurahan Maju
222,Jawa Timur,Ponorogo,Lawang,Desa Jaya
223,Jawa Timur,Madiun,Tumpang,Kelurahan Indah
224,Jawa Timur,Ponorogo,Barat,Desa Jaya
225,Jawa Timur,Madiun,Tengah,Kelurahan Maju
226,Jawa Timur,Madiun,Barat,Kelurahan Permai
227,Jawa Timur,Trenggalek,Kota,Kelurahan Maju
228,Jawa Timur,Mojokerto,Utara,Desa Damai
229,Jawa Timur,Blitar,Tumpang,Kelurahan Sari
230,Jawa Timur,Tulungagung,Dau,Kelurahan Sejahtera
231,Jawa Timur,Madiun,Selatan,Desa Makmur
232,Jawa Timur,Blitar,Selatan,Desa Asri
233,Jawa Timur,Kediri,Tumpang,Kelurahan Sari
234,Jawa Timur,Ngawi,Utara,Desa Asri
235,Jawa Timur,Madiun,Tengah,Kelurahan Sari
236,Jawa Timur,Kediri,Tengah,Desa Asri
237,Jawa Timur,Kediri,Timur,Desa Jaya
238,Jawa Timur,Tulungagung,Tumpang,Kelurahan Sari
239,Jawa Timur,Kediri,Selatan,Desa Damai
240,Jawa Timur,Jombang,Selatan,Desa Makmur
241,Jawa Timur,Madiun,Utara,Kelurahan Permai
242,Jawa Timur,Ngawi,Dau,Kelurahan Sari
243,Jawa Timur,Tulungagung,Lawang,Kelurahan Sari
244,Jawa Timur,Blitar,Kepanjen,Desa Damai
245,Jawa Timur,Magetan,Lawang,Desa Jaya
246,Jawa Timur,Mojokerto,Timur,Kelurahan Sari
247,Jawa Timur,Tulungagung,Utara,Desa Sentosa
248,Jawa Timur,Jombang,Pakis,Desa Sentosa
249,Jawa Timur,Mojokerto,Kepanjen,Desa Jaya
250,Jawa Timur,Kediri,Utara,Desa Makmur
251,Jawa Timur,Tulungagung,Tumpang,Kelurahan Maju
252,Jawa Timur,Blitar,Lawang,Kelurahan Bahagia
253,Jawa Timur,Bojonegoro,Kota,Kelurahan Maju
254,Jawa Timur,Blitar,Kepanjen,Desa Asri
255,Jawa Timur,Ponorogo,Timur,Kelurahan Sari
256,Jawa Timur,Mojokerto,Lawang,Desa Sentosa
257,Jawa Timur,Madiun,Tumpang,Kelurahan Maju
258,Jawa Timur,Blitar,Kota,Desa Asri
259,Jawa Timur,Pacitan,Pakis,Desa Sentosa
260,Jawa Timur,Blitar,Barat,Desa Jaya
261,Jawa Timur,Blitar,Kota,Kelurahan Sejahtera
262,Jawa Timur,Blitar,Barat,Desa Subur
263,Jawa Timur,Kediri,Kepanjen,Kelurahan Bahagia
264,Jawa Timur,Blitar,Kota,Kelurahan Sejahtera
265,Jawa Timur,Pacitan,Tumpang,Desa Mulya
266,Jawa Timur,Blitar,Wajak,Desa Mulya
267,Jawa Timur,Blitar,Lawang,Kelurahan Sari
268,Jawa Timur,Bojonegoro,Kepanjen,Desa Sentosa
269,Jawa Timur,Tulungagung,Lawang,Kelurahan Sari
270,Jawa Timur,Tulungagung,Tumpang,Kelurahan Sari
271,Jawa Timur,Bojonegoro,Dau,Desa Subur
272,Jawa Timur,Blitar,Singosari,Kelurahan Sari
273,Jawa Timur,Kediri,Lawang,Kelurahan Indah
274,Jawa Timur,Ponorogo,Timur,Desa Damai
275,Jawa Timur,Tulungagung,Lawang,Desa Mulya
276,Jawa Timur,Ngawi,Singosari,Kelurahan Sari
277,Jawa Timur,Blitar,Timur,Desa Subur
278,Jawa Timur,Nganjuk,Timur,Desa Damai
279,Jawa Timur,Madiun,Wajak,Desa Mulya
280,Jawa Timur,Mojokerto,Tengah,Kelurahan Maju
281,Jawa Timur,Mojokerto,Tumpang,Desa Mulya
282,Jawa Timur,Tulungagung,Timur,Desa Asri
283,Jawa Timur,Mojokerto,Timur,Desa Damai
284,Jawa Timur,Tulungagung,Timur,Kelurahan Indah
285,Jawa Timur,Madiun,Wajak,Desa Asri
286,Jawa Timur,Jombang,Timur,Desa Jaya
287,Jawa Timur,Blitar,Utara,Desa Jaya
288,Jawa Timur,Ponorogo,Barat,Desa Asri
289,Jawa Timur,Tulungagung,Selatan,Desa Asri
290,Jawa Timur,Tulungagung,Timur,Desa Mulya
291,Jawa Timur,Ngawi,Tengah,Kelurahan Bahagia
292,Jawa Timur,Kediri,Singosari,Desa Sentosa
293,Jawa Timur,Pacitan,Barat,Desa Damai
294,Jawa Timur,Blitar,Barat,Kelurahan Sejahtera
295,Jawa Timur,Blitar,Selatan,Desa Damai
296,Jawa Timur,Blitar,Utara,Kelurahan Sejahtera
297,Jawa Timur,Pacitan,Kepanjen,Kelurahan Maju
298,Jawa Timur,Tulungagung,Dau,Desa Sentosa
299,Jawa Timur,Trenggalek,Singosari,Kelurahan Sejahtera
300,Jawa Timur,Jombang,Utara,Desa Jaya
301,Jawa Timur,Kediri,Lawang,Kelurahan Indah
302,Jawa Timur,Ngawi,Kepanjen,Kelurahan Sejahtera
303,Jawa Timur,Kediri,Pakis,Kelurahan Sejahtera
304,Jawa Timur,Ngawi,Kepanjen,Kelurahan Tenteram
305,Jawa Timur,Kediri,Kota,Desa Asri
306,Jawa Timur,Nganjuk,Kota,Desa Subur
307,Jawa Timur,Blitar,Barat,Desa Sentosa
308,Jawa Timur,Trenggalek,Utara,Desa Mulya
309,Jawa Timur,Tulungagung,Lawang,Kelurahan Sejahtera
310,Jawa Timur,Blitar,Timur,Kelurahan Indah
311,Jawa Timur,Nganjuk,Kota,Kelurahan Sejahtera
312,Jawa Timur,Blitar,Singosari,Desa Sentosa
313,Jawa Timur,Tulungagung,Dau,Desa Sentosa
314,Jawa Timur,Blitar,Tengah,Kelurahan Maju
315,Jawa Timur,Tulungagung,Utara,Desa Subur
316,Jawa Timur,Nganjuk,Timur,Desa Asri
317,Jawa Timur,Nganjuk,Singosari,Kelurahan Tenteram
318,Jawa Timur,Kediri,Pakis,Desa Makmur
319,Jawa Timur,Kediri,Lawang,Desa Damai
320,Jawa Timur,Mojokerto,Tengah,Kelurahan Indah
321,Jawa Timur,Tulungagung,Dau,Kelurahan Tenteram
322,Jawa Timur,Tulungagung,Utara,Desa Subur
323,Jawa Timur,Kediri,Dau,Kelurahan Bahagia
324,Jawa Timur,Tulungagung,Wajak,Desa Jaya
325,Jawa Timur,Nganjuk,Tumpang,Kelurahan Sari
326,Jawa Timur,Madiun,Kepanjen,Desa Damai
327,Jawa Timur,Madiun,Kepanjen,Desa Makmur
328,Jawa Timur,Sidoarjo,Barat,Kelurahan Sejahtera
329,Jawa Timur,Tulungagung,Kota,Desa Makmur
330,Jawa Timur,Ponorogo,Lawang,Desa Damai
331,Jawa Timur,Tulungagung,Barat,Desa Sentosa
332,Jawa Timur,Tulungagung,Dau,Desa Damai
333,Jawa Timur,Jombang,Singosari,Kelurahan Bahagia
334,Jawa Timur,Blitar,Utara,Desa Jaya
335,Jawa Timur,Ponorogo,Utara,Kelurahan Maju
336,Jawa Timur,Blitar,Kota,Kelurahan Bahagia
337,Jawa Timur,Kediri,Wajak,Desa Jaya
338,Jawa Timur,Tulungagung,Tengah,Desa Mulya
339,Jawa Timur,Kediri,Singosari,Desa Jaya
340,Jawa Timur,Blitar,Tengah,Kelurahan Bahagia
341,Jawa Timur,Kediri,Kepanjen,Kelurahan Indah
342,Jawa Timur,Madiun,Timur,Kelurahan Maju
343,Jawa Timur,Madiun,Dau,Desa Jaya
344,Jawa Timur,Ngawi,Lawang,Desa Jaya
345,Jawa Timur,Blitar,Kepanjen,Desa Asri
346,Jawa Timur,Tulungagung,Selatan,Desa Makmur
347,Jawa Timur,Ngawi,Lawang,Kelurahan Permai
348,Jawa Timur,Tulungagung,Tumpang,Kelurahan Indah
349,Jawa Timur,Tulungagung,Singosari,Kelurahan Sari
350,Jawa Timur,Blitar,Lawang,Kelurahan Bahagia
351,Jawa Timur,Blitar,Kepanjen,Desa Makmur
352,Jawa Timur,Ponorogo,Tumpang,Kelurahan Sejahtera
353,Jawa Timur,Sidoarjo,Timur,Desa Jaya
354,Jawa Timur,Blitar,Tengah,Desa Makmur
355,Jawa Timur,Blitar,Wajak,Desa Damai
356,Jawa Timur,Blitar,Timur,Desa Mulya
357,Jawa Timur,Ngawi,Wajak,Kelurahan Permai
358,Jawa Timur,Kediri,Wajak,Kelurahan Maju
359,Jawa Timur,Kediri,Tumpang,Desa Jaya
360,Jawa Timur,Tulungagung,Timur,Kelurahan Tenteram
361,Jawa Timur,Ngawi,Utara,Desa Mulya
362,Jawa Timur,Trenggalek,Tengah,Kelurahan Sejahtera
363,Jawa Timur,Ponorogo,Utara,Kelurahan Maju
364,Jawa Timur,Ngawi,Kepanjen,Desa Mulya
365,Jawa Timur,Ponorogo,Barat,Desa Asri
366,Jawa Timur,Ponorogo,Tengah,Kelurahan Bahagia
367,Jawa Timur,Blitar,Timur,Desa Makmur
368,Jawa Timur,Kediri,Utara,Kelurahan Sari
369,Jawa Timur,Kediri,Utara,Desa Subur
370,Jawa Timur,Kediri,Lawang,Desa Subur
371,Jawa Timur,Mojokerto,Singosari,Kelurahan Sari
372,Jawa Timur,Magetan,Tumpang,Kelurahan Sari
373,Jawa Timur,Sidoarjo,Singosari,Desa Jaya
374,Jawa Timur,Jombang,Lawang,Kelurahan Permai
375,Jawa Timur,Magetan,Wajak,Desa Damai
376,Jawa Timur,Ponorogo,Lawang,Desa Makmur
377,Jawa Timur,Tulungagung,Pakis,Desa Subur
378,Jawa Timur,Tulungagung,Timur,Desa Asri
379,Jawa Timur,Jombang,Tumpang,Desa Subur
380,Jawa Timur,Kediri,Tengah,Desa Jaya
381,Jawa Timur,Ngawi,Dau,Desa Makmur
382,Jawa Timur,Kediri,Barat,Desa Damai
383,Jawa Timur,Tulungagung,Utara,Desa Mulya
384,Jawa Timur,Nganjuk,Singosari,Kelurahan Indah
385,Jawa Timur,Ngawi,Wajak,Desa Makmur
386,Jawa Timur,Jombang,Kota,Kelurahan Maju
387,Jawa Timur,Blitar,Tengah,Kelurahan Sejahtera
388,Jawa Timur,Jombang,Kota,Desa Asri
389,Jawa Timur,Jombang,Kota,Desa Asri
390,Jawa Timur,Madiun,Singosari,Desa Jaya
391,Jawa Timur,Kediri,Lawang,Kelurahan Tenteram
392,Jawa Timur,Magetan,Kota,Kelurahan Maju
393,Jawa Timur,Blitar,Barat,Kelurahan Sari
394,Jawa Timur,Kediri,Kepanjen,Desa Jaya
395,Jawa Timur,Blitar,Tengah,Kelurahan Tenteram
396,Jawa Timur,Tulungagung,Kota,Kelurahan Tenteram
397,Jawa Timur,Kediri,Tumpang,Kelurahan Maju
398,Jawa Timur,Ngawi,Barat,Kelurahan Sari
399,Jawa Timur,Magetan,Tengah,Kelurahan Sari
400,Jawa Timur,Kediri,Tengah,Kelurahan Bahagia
401,Jawa Timur,Ponorogo,Tumpang,Kelurahan Maju
402,Jawa Timur,Tulungagung,Selatan,Desa Damai
403,Jawa Timur,Ngawi,Timur,Kelurahan Indah
404,Jawa Timur,Jombang,Kepanjen,Kelurahan Indah
405,Jawa Timur,Blitar,Utara,Desa Jaya
406,Jawa Timur,Ponorogo,Selatan,Desa Jaya
407,Jawa Timur,Blitar,Timur,Desa Makmur
408,Jawa Timur,Tulungagung,Tumpang,Desa Asri
409,Jawa Timur,Madiun,Wajak,Kelurahan Maju
410,Jawa Timur,Kediri,Dau,Desa Subur
411,Jawa Timur,Trenggalek,Pakis,Kelurahan Bahagia
412,Jawa Timur,Kediri,Pakis,Kelurahan Sejahtera
413,Jawa Timur,Madiun,Kota,Desa Sentosa
414,Jawa Timur,Blitar,Pakis,Kelurahan Sejahtera
415,Jawa Timur,Tulungagung,Lawang,Desa Asri
416,Jawa Timur,Kediri,Wajak,Desa Sentosa
417,Jawa Timur,Blitar,Barat,Kelurahan Sari
418,Jawa Timur,Blitar,Utara,Kelurahan Maju
419,Jawa Timur,Kediri,Pakis,Desa Subur
420,Jawa Timur,Kediri,Selatan,Kelurahan Tenteram
421,Jawa Timur,Blitar,Kepanjen,Desa Damai
422,Jawa Timur,Tulungagung,Kepanjen,Kelurahan Sari
423,Jawa Timur,Trenggalek,Utara,Desa Subur
424,Jawa Timur,Blitar,Kota,Kelurahan Bahagia
425,Jawa Timur,Kediri,Wajak,Kelurahan Sari
426,Jawa Timur,Kediri,Kepanjen,Desa Sentosa
427,Jawa Timur,Bojonegoro,Kepanjen,Kelurahan Maju
428,Jawa Timur,Kediri,Barat,Kelurahan Sejahtera
429,Jawa Timur,Tulungagung,Dau,Kelurahan Maju
430,Jawa Timur,Ngawi,Wajak,Kelurahan Maju
431,Jawa Timur,Kediri,Singosari,Kelurahan Sari
432,Jawa Timur,Blitar,Barat,Desa Damai
433,Jawa Timur,Ponorogo,Barat,Desa Jaya
434,Jawa Timur,Trenggalek,Dau,Kelurahan Indah
435,Jawa Timur,Blitar,Wajak,Desa Asri
436,Jawa Timur,Mojokerto,Timur,Desa Makmur
437,Jawa Timur,Kediri,Utara,Desa Sentosa
438,Jawa Timur,Blitar,Lawang,Desa Asri
439,Jawa Timur,Blitar,Tumpang,Kelurahan Tenteram
440,Jawa Timur,Madiun,Lawang,Kelurahan Maju
441,Jawa Timur,Jombang,Lawang,Desa Damai
442,Jawa Timur,Tulungagung,Lawang,Desa Damai
443,Jawa Timur,Tulungagung,Timur,Kelurahan Permai
444,Jawa Timur,Blitar,Tumpang,Kelurahan Sari
445,Jawa Timur,Kediri,Tengah,Desa Damai
446,Jawa Timur,Madiun,Singosari,Desa Sentosa
447,Jawa Timur,Madiun,Pakis,Kelurahan Indah
448,Jawa Timur,Nganjuk,Selatan,Desa Makmur
449,Jawa Timur,Kediri,Singosari,Desa Mulya
450,Jawa Timur,Nganjuk,Singosari,Desa Subur
451,Jawa Timur,Blitar,Tengah,Kelurahan Permai
452,Jawa Timur,Kediri,Pakis,Desa Sentosa
453,Jawa Timur,Tulungagung,Lawang,Kelurahan Tenteram
454,Jawa Timur,Blitar,Barat,Kelurahan Maju
455,Jawa Timur,Kediri,Wajak,Desa Subur
456,Jawa Timur,Ngawi,Tengah,Kelurahan Sari
457,Jawa Timur,Jombang,Tumpang,Desa Subur
458,Jawa Timur,Kediri,Singosari,Kelurahan Permai
459,Jawa Timur,Madiun,Utara,Desa Makmur
460,Jawa Timur,Ponorogo,Kepanjen,Desa Sentosa
461,Jawa Timur,Trenggalek,Wajak,Desa Makmur
462,Jawa Timur,Kediri,Wajak,Kelurahan Maju
463,Jawa Timur,Ponorogo,Timur,Desa Asri
464,Jawa Timur,Tulungagung,Timur,Kelurahan Bahagia
465,Jawa Timur,Kediri,Singosari,Desa Sentosa
466,Jawa Timur,Tulungagung,Tengah,Kelurahan Sari
467,Jawa Timur,Ngawi,Utara,Desa Subur
468,Jawa Timur,Madiun,Utara,Desa Sentosa
469,Jawa Timur,Mojokerto,Kota,Kelurahan Sejahtera
470,Jawa Timur,Kediri,Wajak,Kelurahan Bahagia
471,Jawa Timur,Blitar,Lawang,Kelurahan Indah
472,Jawa Timur,Kediri,Kepanjen,Desa Asri
473,Jawa Timur,Kediri,Timur,Kelurahan Permai
474,Jawa Timur,Ponorogo,Kepanjen,Kelurahan Sejahtera
475,Jawa Timur,Madiun,Lawang,Kelurahan Permai
476,Jawa Timur,Ngawi,Timur,Desa Jaya
477,Jawa Timur,Madiun,Tengah,Kelurahan Sari
478,Jawa Timur,Trenggalek,Lawang,Desa Damai
479,Jawa Timur,Trenggalek,Barat,Kelurahan Sari
480,Jawa Timur,Kediri,Utara,Desa Subur
481,Jawa Timur,Ponorogo,Singosari,Desa Jaya
482,Jawa Timur,Blitar,Wajak,Desa Asri
483,Jawa Timur,Kediri,Kepanjen,Desa Subur
484,Jawa Timur,Kediri,Kota,Kelurahan Bahagia
485,Jawa Timur,Blitar,Timur,Desa Asri
486,Jawa Timur,Jombang,Tengah,Kelurahan Sari
487,Jawa Timur,Nganjuk,Utara,Desa Subur
488,Jawa Timur,Trenggalek,Kepanjen,Kelurahan Bahagia
489,Jawa Timur,Nganjuk,Lawang,Desa Makmur
490,Jawa Timur,Ponorogo,Kota,Kelurahan Bahagia
491,Jawa Timur,Blitar,Wajak,Desa Makmur
492,Jawa Timur,Madiun,Utara,Kelurahan Sejahtera
493,Jawa Timur,Mojokerto,Timur,Kelurahan Indah
494,Jawa Timur,Blitar,Singosari,Desa Makmur
495,Jawa Timur,Ngawi,Timur,Desa Damai
496,Jawa Timur,Madiun,Barat,Desa Subur
497,Jawa Timur,Kediri,Tengah,Desa Makmur
498,Jawa Timur,Ponorogo,Selatan,Kelurahan Tenteram
499,Jawa Timur,Bojonegoro,Lawang,Kelurahan Sari
500,Jawa Timur,Tulungagung,Selatan,Kelurahan Maju
501,Jawa Timur,Blitar,Lawang,Desa Sentosa
502,Jawa Timur,Tulungagung,Kota,Kelurahan Tenteram
503,Jawa Timur,Ponorogo,Barat,Desa Mulya
504,Jawa Timur,Blitar,Timur,Kelurahan Sejahtera
505,Jawa Timur,Pacitan,Barat,Kelurahan Sari
506,Jawa Timur,Ponorogo,Timur,Kelurahan Permai
507,Jawa Timur,Blitar,Singosari,Desa Makmur
508,Jawa Timur,Kediri,Pakis,Kelurahan Sejahtera
509,Jawa Timur,Ngawi,Tengah,Kelurahan Maju
510,Jawa Timur,Madiun,Pakis,Kelurahan Indah
511,Jawa Timur,Blitar,Singosari,Kelurahan Indah
512,Jawa Timur,Kediri,Tengah,Desa Asri
513,Jawa Timur,Ngawi,Wajak,Kelurahan Sari
514,Jawa Timur,Blitar,Kepanjen,Desa Mulya
515,Jawa Timur,Madiun,Selatan,Desa Asri
516,Jawa Timur,Blitar,Kota,Desa Asri
517,Jawa Timur,Jombang,Kepanjen,Kelurahan Sari
518,Jawa Timur,Blitar,Tengah,Kelurahan Tenteram
519,Jawa Timur,Trenggalek,Wajak,Kelurahan Permai
520,Jawa Timur,Kediri,Selatan,Desa Subur
521,Jawa Timur,Ngawi,Barat,Desa Sentosa
522,Jawa Timur,Kediri,Barat,Kelurahan Sejahtera
523,Jawa Timur,Blitar,Singosari,Desa Subur
524,Jawa Timur,Blitar,Singosari,Desa Damai
525,Jawa Timur,Ponorogo,Pakis,Desa Asri
526,Jawa Timur,Blitar,Selatan,Desa Jaya
527,Jawa Timur,Mojokerto,Utara,Kelurahan Bahagia
528,Jawa Timur,Kediri,Lawang,Desa Makmur
529,Jawa Timur,Blitar,Wajak,Kelurahan Sejahtera
530,Jawa Timur,Tulungagung,Tengah,Desa Subur
531,Jawa Timur,Kediri,Wajak,Desa Jaya
532,Jawa Timur,Blitar,Tengah,Desa Subur
533,Jawa Timur,Tulungagung,Kota,Desa Mulya
534,Jawa Timur,Kediri,Barat,Kelurahan Tenteram
535,Jawa Timur,Blitar,Lawang,Desa Jaya
536,Jawa Timur,Kediri,Kota,Desa Subur
537,Jawa Timur,Nganjuk,Kepanjen,Kelurahan Tenteram
538,Jawa Timur,Madiun,Singosari,Kelurahan Bahagia
539,Jawa Timur,Trenggalek,Kepanjen,Kelurahan Sejahtera
540,Jawa Timur,Madiun,Kepanjen,Desa Subur
541,Jawa Timur,Kediri,Dau,Kelurahan Tenteram
542,Jawa Timur,Tulungagung,Wajak,Desa Sentosa
543,Jawa Timur,Tulungagung,Kepanjen,Kelurahan Sari
544,Jawa Timur,Kediri,Dau,Kelurahan Sejahtera
545,Jawa Timur,Mojokerto,Singosari,Kelurahan Maju
546,Jawa Timur,Blitar,Singosari,Kelurahan Sari
547,Jawa Timur,Jombang,Dau,Kelurahan Bahagia
548,Jawa Timur,Tulungagung,Singosari,Desa Damai
549,Jawa Timur,Trenggalek,Lawang,Desa Makmur
550,Jawa Timur,Nganjuk,Utara,Kelurahan Maju
551,Jawa Timur,Bojonegoro,Kota,Desa Asri
552,Jawa Timur,Kediri,Tengah,Kelurahan Sari
553,Jawa Timur,Blitar,Lawang,Desa Damai
554,Jawa Timur,Ngawi,Dau,Desa Subur
555,Jawa Timur,Ponorogo,Kota,Desa Subur
556,Jawa Timur,Magetan,Singosari,Kelurahan Indah
557,Jawa Timur,Blitar,Pakis,Desa Makmur
558,Jawa Timur,Tulungagung,Tumpang,Kelurahan Bahagia
559,Jawa Timur,Ngawi,Tumpang,Desa Mulya
560,Jawa Timur,Ponorogo,Wajak,Desa Asri
561,Jawa Timur,Trenggalek,Singosari,Desa Asri
562,Jawa Timur,Kediri,Pakis,Kelurahan Maju
563,Jawa Timur,Mojokerto,Tengah,Desa Sentosa
564,Jawa Timur,Tulungagung,Tengah,Desa Jaya
565,Jawa Timur,Kediri,Dau,Desa Damai
566,Jawa Timur,Ngawi,Tumpang,Desa Damai
567,Jawa Timur,Tulungagung,Utara,Kelurahan Indah
568,Jawa Timur,Blitar,Kepanjen,Kelurahan Sejahtera
569,Jawa Timur,Tulungagung,Pakis,Desa Jaya
570,Jawa Timur,Tulungagung,Tengah,Kelurahan Sejahtera
571,Jawa Timur,Blitar,Wajak,Kelurahan Tenteram
572,Jawa Timur,Tulungagung,Barat,Kelurahan Tenteram
573,Jawa Timur,Blitar,Timur,Desa Jaya
574,Jawa Timur,Tulungagung,Singosari,Desa Subur
575,Jawa Timur,Ponorogo,Kepanjen,Desa Sentosa
576,Jawa Timur,Kediri,Utara,Desa Damai
577,Jawa Timur,Kediri,Timur,Kelurahan Sari
578,Jawa Timur,Kediri,Lawang,Desa Sentosa
579,Jawa Timur,Madiun,Tumpang,Kelurahan Indah
580,Jawa Timur,Mojokerto,Kota,Desa Subur
581,Jawa Timur,Madiun,Tumpang,Kelurahan Sejahtera
582,Jawa Timur,Kediri,Kepanjen,Desa Mulya
583,Jawa Timur,Ngawi,Barat,Kelurahan Maju
584,Jawa Timur,Kediri,Tumpang,Kelurahan Sejahtera
585,Jawa Timur,Blitar,Lawang,Kelurahan Sari
586,Jawa Timur,Tulungagung,Barat,Kelurahan Permai
587,Jawa Timur,Magetan,Dau,Desa Asri
588,Jawa Timur,Madiun,Kota,Kelurahan Sejahtera
589,Jawa Timur,Madiun,Wajak,Desa Sentosa
590,Jawa Timur,Ponorogo,Singosari,Desa Mulya
591,Jawa Timur,Madiun,Kota,Kelurahan Sejahtera
592,Jawa Timur,Nganjuk,Wajak,Kelurahan Tenteram
593,Jawa Timur,Pacitan,Tengah,Kelurahan Tenteram
594,Jawa Timur,Ponorogo,Kepanjen,Desa Sentosa
595,Jawa Timur,Kediri,Wajak,Kelurahan Tenteram
596,Jawa Timur,Mojokerto,Kepanjen,Kelurahan Tenteram
597,Jawa Timur,Kediri,Kepanjen,Desa Subur
598,Jawa Timur,Kediri,Timur,Desa Makmur
599,Jawa Timur,Madiun,Timur,Desa Makmur
600,Jawa Timur,Blitar,Dau,Kelurahan Indah
601,Jawa Timur,Tulungagung,Wajak,Kelurahan Sari
602,Jawa Timur,Pacitan,Kota,Kelurahan Sari
603,Jawa Timur,Mojokerto,Tumpang,Kelurahan Sejahtera
604,Jawa Timur,Nganjuk,Timur,Kelurahan Maju
605,Jawa Timur,Kediri,Timur,Kelurahan Indah
606,Jawa Timur,Blitar,Pakis,Kelurahan Bahagia
607,Jawa Timur,Tulungagung,Pakis,Kelurahan Indah
608,Jawa Timur,Blitar,Tumpang,Kelurahan Maju
609,Jawa Timur,Blitar,Tengah,Desa Mulya
610,Jawa Timur,Kediri,Wajak,Kelurahan Bahagia
611,Jawa Timur,Pacitan,Timur,Desa Subur
612,Jawa Timur,Mojokerto,Tengah,Desa Asri
613,Jawa Timur,Blitar,Tengah,Desa Makmur
614,Jawa Timur,Mojokerto,Kota,Desa Jaya
615,Jawa Timur,Kediri,Barat,Desa Mulya
616,Jawa Timur,Kediri,Utara,Kelurahan Tenteram
617,Jawa Timur,Jombang,Utara,Kelurahan Bahagia
618,Jawa Timur,Ponorogo,Kota,Desa Mulya
619,Jawa Timur,Magetan,Singosari,Desa Damai
620,Jawa Timur,Kediri,Tumpang,Kelurahan Permai
621,Jawa Timur,Ngawi,Tengah,Desa Damai
622,Jawa Timur,Nganjuk,Utara,Desa Makmur
623,Jawa Timur,Kediri,Singosari,Kelurahan Maju
624,Jawa Timur,Blitar,Utara,Kelurahan Permai
625,Jawa Timur,Kediri,Kota,Desa Asri
626,Jawa Timur,Ngawi,Selatan,Desa Asri
627,Jawa Timur,Tulungagung,Timur,Desa Makmur
628,Jawa Timur,Blitar,Pakis,Desa Subur
629,Jawa Timur,Ponorogo,Lawang,Desa Damai
630,Jawa Timur,Ngawi,Dau,Kelurahan Indah
631,Jawa Timur,Blitar,Kota,Desa Mulya
632,Jawa Timur,Ponorogo,Tumpang,Kelurahan Permai
633,Jawa Timur,Blitar,Lawang,Kelurahan Indah
634,Jawa Timur,Mojokerto,Kepanjen,Desa Jaya
635,Jawa Timur,Blitar,Dau,Desa Subur
636,Jawa Timur,Blitar,Tumpang,Desa Jaya
637,Jawa Timur,Mojokerto,Lawang,Kelurahan Permai
638,Jawa Timur,Mojokerto,Wajak,Kelurahan Tenteram
639,Jawa Timur,Blitar,Selatan,Kelurahan Tenteram
640,Jawa Timur,Trenggalek,Wajak,Desa Sentosa
641,Jawa Timur,Tulungagung,Timur,Desa Makmur
642,Jawa Timur,Ponorogo,Tumpang,Kelurahan Sejahtera
643,Jawa Timur,Mojokerto,Dau,Kelurahan Sari
644,Jawa Timur,Ngawi,Utara,Desa Mulya
645,Jawa Timur,Jombang,Kota,Desa Damai
646,Jawa Timur,Blitar,Lawang,Desa Subur
647,Jawa Timur,Bojonegoro,Tengah,Desa Asri
648,Jawa Timur,Nganjuk,Dau,Desa Damai
649,Jawa Timur,Kediri,Dau,Kelurahan Maju
650,Jawa Timur,Mojokerto,Pakis,Kelurahan Sari
651,Jawa Timur,Madiun,Tengah,Desa Makmur
652,Jawa Timur,Kediri,Lawang,Kelurahan Sejahtera
653,Jawa Timur,Tulungagung,Pakis,Desa Asri
654,Jawa Timur,Tulungagung,Wajak,Desa Subur
655,Jawa Timur,Mojokerto,Kota,Desa Jaya
656,Jawa Timur,Kediri,Dau,Kelurahan Maju
657,Jawa Timur,Kediri,Tumpang,Desa Asri
658,Jawa Timur,Blitar,Barat,Kelurahan Tenteram
659,Jawa Timur,Ponorogo,Tengah,Desa Mulya
660,Jawa Timur,Tulungagung,Barat,Desa Mulya
661,Jawa Timur,Nganjuk,Barat,Desa Sentosa
662,Jawa Timur,Blitar,Selatan,Kelurahan Bahagia
663,Jawa Timur,Kediri,Selatan,Kelurahan Permai
664,Jawa Timur,Blitar,Timur,Kelurahan Sejahtera
665,Jawa Timur,Ponorogo,Pakis,Kelurahan Indah
666,Jawa Timur,Blitar,Timur,Desa Damai
667,Jawa Timur,Blitar,Utara,Kelurahan Tenteram
668,Jawa Timur,Bojonegoro,Kepanjen,Desa Subur
669,Jawa Timur,Blitar,Wajak,Desa Jaya
670,Jawa Timur,Kediri,Timur,Desa Mulya
671,Jawa Timur,Ngawi,Tumpang,Desa Makmur
672,Jawa Timur,Kediri,Wajak,Desa Makmur
673,Jawa Timur,Tulungagung,Dau,Desa Sentosa
674,Jawa Timur,Mojokerto,Kota,Kelurahan Sari
675,Jawa Timur,Kediri,Tengah,Desa Sentosa
676,Jawa Timur,Kediri,Tumpang,Desa Mulya
677,Jawa Timur,Ngawi,Selatan,Kelurahan Maju
678,Jawa Timur,Blitar,Pakis,Desa Mulya
679,Jawa Timur,Blitar,Tumpang,Kelurahan Indah
680,Jawa Timur,Tulungagung,Kepanjen,Desa Asri
681,Jawa Timur,Kediri,Timur,Kelurahan Bahagia
682,Jawa Timur,Blitar,Dau,Desa Subur
683,Jawa Timur,Kediri,Lawang,Kelurahan Tenteram
684,Jawa Timur,Madiun,Kepanjen,Desa Makmur
685,Jawa Timur,Mojokerto,Kota,Kelurahan Tenteram
686,Jawa Timur,Ngawi,Barat,Desa Asri
687,Jawa Timur,Tulungagung,Kota,Kelurahan Bahagia
688,Jawa Timur,Magetan,Kota,Kelurahan Indah
689,Jawa Timur,Tulungagung,Tengah,Kelurahan Sejahtera
690,Jawa Timur,Madiun,Utara,Kelurahan Indah
691,Jawa Timur,Tulungagung,Singosari,Kelurahan Indah
692,Jawa Timur,Kediri,Timur,Kelurahan Tenteram
693,Jawa Timur,Kediri,Kepanjen,Desa Subur
694,Jawa Timur,Bojonegoro,Dau,Kelurahan Maju
695,Jawa Timur,Kediri,Tumpang,Desa Mulya
696,Jawa Timur,Kediri,Tengah,Kelurahan Bahagia
697,Jawa Timur,Kediri,Tumpang,Desa Subur
698,Jawa Timur,Pacitan,Dau,Kelurahan Sari
699,Jawa Timur,Blitar,Utara,Kelurahan Sari
700,Jawa Timur,Tulungagung,Singosari,Desa Jaya
701,Jawa Timur,Trenggalek,Barat,Kelurahan Tenteram
702,Jawa Timur,Tulungagung,Kota,Kelurahan Bahagia
703,Jawa Timur,Ngawi,Barat,Desa Mulya
704,Jawa Timur,Jombang,Selatan,Kelurahan Permai
705,Jawa Timur,Kediri,Dau,Kelurahan Sejahtera
706,Jawa Timur,Ngawi,Lawang,Desa Asri
707,Jawa Timur,Kediri,Singosari,Desa Damai
708,Jawa Timur,Ponorogo,Selatan,Desa Makmur
709,Jawa Timur,Nganjuk,Kepanjen,Desa Subur
710,Jawa Timur,Sidoarjo,Lawang,Desa Subur
711,Jawa Timur,Bojonegoro,Wajak,Kelurahan Permai
712,Jawa Timur,Blitar,Timur,Desa Asri
713,Jawa Timur,Kediri,Barat,Kelurahan Sejahtera
714,Jawa Timur,Pacitan,Timur,Desa Makmur
715,Jawa Timur,Ponorogo,Singosari,Desa Makmur
716,Jawa Timur,Blitar,Lawang,Desa Subur
717,Jawa Timur,Tulungagung,Wajak,Kelurahan Bahagia
718,Jawa Timur,Tulungagung,Kepanjen,Kelurahan Permai
719,Jawa Timur,Blitar,Tengah,Kelurahan Sari
720,Jawa Timur,Ponorogo,Utara,Kelurahan Permai
721,Jawa Timur,Ngawi,Tengah,Kelurahan Bahagia
722,Jawa Timur,Kediri,Kepanjen,Desa Damai
723,Jawa Timur,Tulungagung,Tumpang,Kelurahan Maju
724,Jawa Timur,Madiun,Utara,Kelurahan Permai
725,Jawa Timur,Kediri,Selatan,Desa Mulya
726,Jawa Timur,Ngawi,Singosari,Desa Subur
727,Jawa Timur,Ngawi,Wajak,Desa Damai
728,Jawa Timur,Tulungagung,Pakis,Kelurahan Maju
729,Jawa Timur,Blitar,Tengah,Desa Makmur
730,Jawa Timur,Kediri,Barat,Kelurahan Bahagia
731,Jawa Timur,Blitar,Utara,Kelurahan Tenteram
732,Jawa Timur,Trenggalek,Pakis,Kelurahan Sejahtera
733,Jawa Timur,Jombang,Lawang,Kelurahan Permai
734,Jawa Timur,Nganjuk,Selatan,Kelurahan Permai
735,Jawa Timur,Ngawi,Tengah,Desa Sentosa
736,Jawa Timur,Kediri,Barat,Desa Mulya
737,Jawa Timur,Kediri,Kepanjen,Desa Subur
738,Jawa Timur,Tulungagung,Tumpang,Kelurahan Sejahtera
739,Jawa Timur,Trenggalek,Barat,Desa Mulya
740,Jawa Timur,Nganjuk,Singosari,Kelurahan Tenteram
741,Jawa Timur,Kediri,Barat,Kelurahan Permai
742,Jawa Timur,Madiun,Kepanjen,Kelurahan Bahagia
743,Jawa Timur,Tulungagung,Lawang,Desa Damai
744,Jawa Timur,Kediri,Lawang,Kelurahan Indah
745,Jawa Timur,Kediri,Dau,Kelurahan Indah
746,Jawa Timur,Blitar,Tengah,Kelurahan Indah
747,Jawa Timur,Ponorogo,Tengah,Kelurahan Sari
748,Jawa Timur,Kediri,Kota,Desa Makmur
749,Jawa Timur,Ngawi,Pakis,Kelurahan Sari
750,Jawa Timur,Madiun,Timur,Desa Subur
751,Jawa Timur,Madiun,Pakis,Kelurahan Sari
752,Jawa Timur,Ngawi,Wajak,Desa Asri
753,Jawa Timur,Tulungagung,Selatan,Kelurahan Sejahtera
754,Jawa Timur,Kediri,Kota,Kelurahan Indah
755,Jawa Timur,Ponorogo,Singosari,Desa Subur
756,Jawa Timur,Tulungagung,Dau,Desa Subur
757,Jawa Timur,Kediri,Kepanjen,Desa Makmur
758,Jawa Timur,Kediri,Tengah,Kelurahan Sejahtera
759,Jawa Timur,Tulungagung,Singosari,Kelurahan Maju
760,Jawa Timur,Tulungagung,Pakis,Desa Asri
761,Jawa Timur,Kediri,Timur,Desa Sentosa
762,Jawa Timur,Kediri,Kota,Desa Damai
763,Jawa Timur,Mojokerto,Timur,Desa Jaya
764,Jawa Timur,Kediri,Singosari,Kelurahan Bahagia
765,Jawa Timur,Kediri,Tumpang,Kelurahan Tenteram
766,Jawa Timur,Kediri,Pakis,Kelurahan Maju
767,Jawa Timur,Kediri,Utara,Desa Sentosa
768,Jawa Timur,Ponorogo,Utara,Desa Makmur
769,Jawa Timur,Mojokerto,Wajak,Kelurahan Sejahtera
770,Jawa Timur,Ngawi,Singosari,Desa Asri
771,Jawa Timur,Ngawi,Lawang,Kelurahan Maju
772,Jawa Timur,Tulungagung,Utara,Kelurahan Sari
773,Jawa Timur,Madiun,Selatan,Desa Sentosa
774,Jawa Timur,Nganjuk,Barat,Kelurahan Permai
775,Jawa Timur,Ponorogo,Dau,Desa Asri
776,Jawa Timur,Trenggalek,Kota,Desa Mulya
777,Jawa Timur,Tulungagung,Pakis,Kelurahan Permai
778,Jawa Timur,Bojonegoro,Dau,Desa Asri
779,Jawa Timur,Kediri,Pakis,Kelurahan Tenteram
780,Jawa Timur,Blitar,Tengah,Desa Sentosa
781,Jawa Timur,Blitar,Kepanjen,Kelurahan Maju
782,Jawa Timur,Madiun,Tengah,Desa Mulya
783,Jawa Timur,Blitar,Singosari,Desa Makmur
784,Jawa Timur,Tulungagung,Utara,Desa Sentosa
785,Jawa Timur,Ngawi,Tumpang,Kelurahan Tenteram
786,Jawa Timur,Kediri,Pakis,Kelurahan Sari
787,Jawa Timur,Trenggalek,Timur,Kelurahan Sejahtera
788,Jawa Timur,Madiun,Utara,Kelurahan Maju
789,Jawa Timur,Kediri,Tengah,Desa Makmur
790,Jawa Timur,Kediri,Selatan,Desa Subur
791,Jawa Timur,Ngawi,Lawang,Desa Sentosa
792,Jawa Timur,Madiun,Tengah,Desa Mulya
793,Jawa Timur,Kediri,Timur,Desa Mulya
794,Jawa Timur,Ngawi,Pakis,Kelurahan Maju
795,Jawa Timur,Madiun,Singosari,Kelurahan Indah
796,Jawa Timur,Madiun,Tengah,Kelurahan Sari
797,Jawa Timur,Madiun,Utara,Kelurahan Sejahtera
798,Jawa Timur,Trenggalek,Tengah,Desa Mulya
799,Jawa Timur,Blitar,Singosari,Kelurahan Sari
800,Jawa Timur,Ngawi,Lawang,Kelurahan Permai
801,Jawa Timur,Pacitan,Lawang,Desa Subur
802,Jawa Timur,Kediri,Tumpang,Kelurahan Bahagia
803,Jawa Timur,Sidoarjo,Tengah,Desa Jaya
804,Jawa Timur,Ngawi,Barat,Kelurahan Sari
805,Jawa Timur,Kediri,Tengah,Kelurahan Tenteram
806,Jawa Timur,Madiun,Tumpang,Kelurahan Indah
807,Jawa Timur,Kediri,Kota,Kelurahan Sari
808,Jawa Timur,Kediri,Pakis,Kelurahan Tenteram
809,Jawa Timur,Tulungagung,Timur,Kelurahan Permai
810,Jawa Timur,Blitar,Lawang,Kelurahan Permai
811,Jawa Timur,Kediri,Lawang,Desa Damai
812,Jawa Timur,Ponorogo,Lawang,Kelurahan Bahagia
813,Jawa Timur,Kediri,Barat,Desa Asri
814,Jawa Timur,Mojokerto,Kota,Kelurahan Indah
815,Jawa Timur,Tulungagung,Selatan,Kelurahan Tenteram
816,Jawa Timur,Kediri,Pakis,Kelurahan Permai
817,Jawa Timur,Tulungagung,Barat,Desa Asri
818,Jawa Timur,Kediri,Lawang,Kelurahan Bahagia
819,Jawa Timur,Ponorogo,Wajak,Desa Sentosa
820,Jawa Timur,Ponorogo,Tengah,Desa Sentosa
821,Jawa Timur,Blitar,Barat,Kelurahan Tenteram
822,Jawa Timur,Tulungagung,Dau,Kelurahan Maju
823,Jawa Timur,Ponorogo,Barat,Desa Makmur
824,Jawa Timur,Madiun,Utara,Desa Sentosa
825,Jawa Timur,Tulungagung,Kota,Kelurahan Permai
826,Jawa Timur,Madiun,Singosari,Desa Jaya
827,Jawa Timur,Blitar,Kepanjen,Kelurahan Sari
828,Jawa Timur,Tulungagung,Pakis,Kelurahan Tenteram
829,Jawa Timur,Nganjuk,Singosari,Kelurahan Bahagia
830,Jawa Timur,Madiun,Singosari,Desa Makmur
831,Jawa Timur,Madiun,Wajak,Kelurahan Sejahtera
832,Jawa Timur,Kediri,Selatan,Desa Mulya
833,Jawa Timur,Jombang,Singosari,Desa Mulya
834,Jawa Timur,Tulungagung,Pakis,Kelurahan Sari
835,Jawa Timur,Nganjuk,Lawang,Kelurahan Bahagia
836,Jawa Timur,Blitar,Timur,Desa Asri
837,Jawa Timur,Tulungagung,Wajak,Kelurahan Tenteram
838,Jawa Timur,Ngawi,Kota,Desa Asri
839,Jawa Timur,Jombang,Singosari,Kelurahan Maju
840,Jawa Timur,Blitar,Pakis,Kelurahan Indah
841,Jawa Timur,Madiun,Tumpang,Desa Sentosa
842,Jawa Timur,Tulungagung,Singosari,Desa Subur
843,Jawa Timur,Nganjuk,Barat,Kelurahan Permai
844,Jawa Timur,Blitar,Tengah,Desa Damai
845,Jawa Timur,Madiun,Kota,Kelurahan Sari
846,Jawa Timur,Kediri,Lawang,Desa Makmur
847,Jawa Timur,Madiun,Kota,Kelurahan Permai
848,Jawa Timur,Kediri,Wajak,Desa Mulya
849,Jawa Timur,Tulungagung,Wajak,Desa Jaya
850,Jawa Timur,Tulungagung,Kepanjen,Desa Asri
851,Jawa Timur,Tulungagung,Singosari,Desa Makmur
852,Jawa Timur,Nganjuk,Tengah,Kelurahan Bahagia
853,Jawa Timur,Trenggalek,Dau,Desa Makmur
854,Jawa Timur,Trenggalek,Pakis,Kelurahan Indah
855,Jawa Timur,Blitar,Tengah,Desa Makmur
856,Jawa Timur,Blitar,Pakis,Kelurahan Tenteram
857,Jawa Timur,Tulungagung,Wajak,Desa Makmur
858,Jawa Timur,Blitar,Kota,Desa Mulya
859,Jawa Timur,Ponorogo,Kepanjen,Kelurahan Maju
860,Jawa Timur,Tulungagung,Tumpang,Kelurahan Sejahtera
861,Jawa Timur,Magetan,Barat,Kelurahan Sejahtera
862,Jawa Timur,Kediri,Kepanjen,Desa Mulya
863,Jawa Timur,Ponorogo,Timur,Desa Mulya
864,Jawa Timur,Kediri,Utara,Desa Subur
865,Jawa Timur,Ngawi,Utara,Kelurahan Bahagia
866,Jawa Timur,Blitar,Tengah,Kelurahan Tenteram
867,Jawa Timur,Madiun,Tumpang,Kelurahan Sari
868,Jawa Timur,Bojonegoro,Barat,Desa Subur
869,Jawa Timur,Jombang,Dau,Desa Jaya
870,Jawa Timur,Ngawi,Lawang,Desa Jaya
871,Jawa Timur,Ponorogo,Selatan,Kelurahan Sari
872,Jawa Timur,Tulungagung,Timur,Kelurahan Sejahtera
873,Jawa Timur,Blitar,Kepanjen,Desa Makmur
874,Jawa Timur,Kediri,Lawang,Desa Mulya
875,Jawa Timur,Kediri,Kepanjen,Kelurahan Indah
876,Jawa Timur,Madiun,Utara,Desa Subur
877,Jawa Timur,Ngawi,Kepanjen,Desa Jaya
878,Jawa Timur,Blitar,Timur,Kelurahan Bahagia
879,Jawa Timur,Kediri,Lawang,Kelurahan Sejahtera
880,Jawa Timur,Trenggalek,Kepanjen,Desa Damai
881,Jawa Timur,Madiun,Kepanjen,Desa Jaya
882,Jawa Timur,Madiun,Wajak,Desa Subur
883,Jawa Timur,Tulungagung,Singosari,Desa Damai
884,Jawa Timur,Madiun,Pakis,Desa Asri
885,Jawa Timur,Blitar,Barat,Desa Jaya
886,Jawa Timur,Mojokerto,Utara,Kelurahan Maju
887,Jawa Timur,Pacitan,Singosari,Desa Jaya
888,Jawa Timur,Tulungagung,Singosari,Kelurahan Permai
889,Jawa Timur,Kediri,Selatan,Desa Makmur
890,Jawa Timur,Kediri,Dau,Desa Makmur
891,Jawa Timur,Kediri,Kepanjen,Desa Sentosa
892,Jawa Timur,Trenggalek,Kota,Kelurahan Sari
893,Jawa Timur,Ponorogo,Tumpang,Desa Subur
894,Jawa Timur,Blitar,Tengah,Desa Subur
895,Jawa Timur,Nganjuk,Kota,Kelurahan Permai
896,Jawa Timur,Tulungagung,Wajak,Desa Mulya
897,Jawa Timur,Mojokerto,Timur,Kelurahan Permai
898,Jawa Timur,Blitar,Wajak,Kelurahan Maju
899,Jawa Timur,Ponorogo,Singosari,Kelurahan Bahagia
900,Jawa Timur,Kediri,Tumpang,Kelurahan Tenteram
901,Jawa Timur,Ponorogo,Tumpang,Desa Jaya
902,Jawa Timur,Kediri,Selatan,Desa Damai
903,Jawa Timur,Jombang,Singosari,Kelurahan Sejahtera
904,Jawa Timur,Madiun,Kota,Desa Asri
905,Jawa Timur,Tulungagung,Barat,Desa Subur
906,Jawa Timur,Kediri,Barat,Kelurahan Maju
907,Jawa Timur,Blitar,Lawang,Desa Asri
908,Jawa Timur,Kediri,Kepanjen,Kelurahan Tenteram
909,Jawa Timur,Nganjuk,Pakis,Desa Mulya
910,Jawa Timur,Ngawi,Selatan,Kelurahan Sejahtera
911,Jawa Timur,Madiun,Selatan,Kelurahan Sejahtera
912,Jawa Timur,Kediri,Wajak,Desa Mulya
913,Jawa Timur,Blitar,Pakis,Desa Makmur
914,Jawa Timur,Tulungagung,Singosari,Kelurahan Indah
915,Jawa Timur,Tulungagung,Utara,Desa Makmur
916,Jawa Timur,Kediri,Selatan,Kelurahan Tenteram
917,Jawa Timur,Blitar,Singosari,Kelurahan Bahagia
918,Jawa Timur,Blitar,Tumpang,Desa Asri
919,Jawa Timur,Mojokerto,Kota,Desa Damai
920,Jawa Timur,Tulungagung,Dau,Desa Sentosa
921,Jawa Timur,Tulungagung,Singosari,Kelurahan Maju
922,Jawa Timur,Kediri,Tengah,Desa Damai
923,Jawa Timur,Blitar,Selatan,Desa Sentosa
924,Jawa Timur,Blitar,Dau,Kelurahan Maju
925,Jawa Timur,Ngawi,Dau,Kelurahan Tenteram
926,Jawa Timur,Ngawi,Dau,Kelurahan Sari
927,Jawa Timur,Trenggalek,Kepanjen,Desa Subur
928,Jawa Timur,Tulungagung,Singosari,Kelurahan Maju
929,Jawa Timur,Tulungagung,Wajak,Kelurahan Sejahtera
930,Jawa Timur,Jombang,Kepanjen,Kelurahan Indah
931,Jawa Timur,Ngawi,Selatan,Kelurahan Indah
932,Jawa Timur,Ponorogo,Lawang,Kelurahan Indah
933,Jawa Timur,Trenggalek,Pakis,Desa Sentosa
934,Jawa Timur,Nganjuk,Utara,Kelurahan Permai
935,Jawa Timur,Tulungagung,Selatan,Desa Asri
936,Jawa Timur,Ponorogo,Tumpang,Desa Sentosa
937,Jawa Timur,Blitar,Timur,Kelurahan Sejahtera
938,Jawa Timur,Blitar,Tumpang,Kelurahan Indah
939,Jawa Timur,Kediri,Utara,Kelurahan Maju
940,Jawa Timur,Blitar,Tumpang,Kelurahan Sejahtera
941,Jawa Timur,Kediri,Kepanjen,Desa Asri
942,Jawa Timur,Blitar,Tumpang,Kelurahan Indah
943,Jawa Timur,Kediri,Singosari,Desa Asri
944,Jawa Timur,Kediri,Wajak,Kelurahan Maju
945,Jawa Timur,Kediri,Tumpang,Desa Mulya
946,Jawa Timur,Blitar,Tumpang,Desa Makmur
947,Jawa Timur,Madiun,Pakis,Desa Makmur
948,Jawa Timur,Kediri,Pakis,Kelurahan Permai
949,Jawa Timur,Ponorogo,Tengah,Desa Asri
950,Jawa Timur,Bojonegoro,Tumpang,Kelurahan Bahagia
951,Jawa Timur,Jombang,Tumpang,Kelurahan Tenteram
952,Jawa Timur,Tulungagung,Utara,Desa Mulya
953,Jawa Timur,Tulungagung,Kepanjen,Desa Asri
954,Jawa Timur,Kediri,Tengah,Kelurahan Sejahtera
955,Jawa Timur,Tulungagung,Kepanjen,Kelurahan Permai
956,Jawa Timur,Madiun,Selatan,Kelurahan Tenteram
957,Jawa Timur,Kediri,Kota,Desa Damai
958,Jawa Timur,Ngawi,Dau,Kelurahan Sari
959,Jawa Timur,Tulungagung,Tengah,Desa Jaya
960,Jawa Timur,Kediri,Singosari,Desa Mulya
961,Jawa Timur,Bojonegoro,Pakis,Desa Sentosa
962,Jawa Timur,Kediri,Barat,Kelurahan Bahagia
963,Jawa Timur,Kediri,Kota,Kelurahan Indah
964,Jawa Timur,Trenggalek,Tengah,Desa Asri
965,Jawa Timur,Madiun,Singosari,Desa Makmur
966,Jawa Timur,Kediri,Timur,Desa Asri
967,Jawa Timur,Tulungagung,Tengah,Desa Mulya
968,Jawa Timur,Tulungagung,Timur,Desa Mulya
969,Jawa Timur,Blitar,Barat,Kelurahan Bahagia
970,Jawa Timur,Blitar,Pakis,Desa Subur
971,Jawa Timur,Tulungagung,Tengah,Desa Jaya
972,Jawa Timur,Kediri,Utara,Desa Mulya
973,Jawa Timur,Kediri,Utara,Kelurahan Sejahtera
974,Jawa Timur,Madiun,Tengah,Desa Mulya
975,Jawa Timur,Ngawi,Barat,Desa Jaya
976,Jawa Timur,Blitar,Tumpang,Desa Mulya
977,Jawa Timur,Kediri,Lawang,Desa Mulya
978,Jawa Timur,Blitar,Tumpang,Desa Asri
979,Jawa Timur,Tulungagung,Pakis,Kelurahan Maju
980,Jawa Timur,Tulungagung,Utara,Kelurahan Maju
981,Jawa Timur,Kediri,Kepanjen,Kelurahan Bahagia
982,Jawa Timur,Magetan,Dau,Desa Jaya
983,Jawa Timur,Madiun,Singosari,Kelurahan Permai
984,Jawa Timur,Madiun,Kota,Desa Subur
985,Jawa Timur,Magetan,Utara,Desa Asri
986,Jawa Timur,Kediri,Tumpang,Desa Mulya
987,Jawa Timur,Blitar,Selatan,Kelurahan Sari
988,Jawa Timur,Kediri,Wajak,Kelurahan Permai
989,Jawa Timur,Madiun,Selatan,Kelurahan Tenteram
990,Jawa Timur,Kediri,Tumpang,Kelurahan Indah
991,Jawa Timur,Kediri,Dau,Desa Mulya
992,Jawa Timur,Pacitan,Tumpang,Kelurahan Maju
993,Jawa Timur,Kediri,Singosari,Desa Asri
994,Jawa Timur,Tulungagung,Timur,Desa Asri
995,Jawa Timur,Tulungagung,Utara,Kelurahan Permai
996,Jawa Timur,Kediri,Utara,Kelurahan Sari
997,Jawa Timur,Ponorogo,Selatan,Kelurahan Maju
998,Jawa Timur,Blitar,Tumpang,Desa Sentosa
999,Jawa Timur,Tulungagung,Timur,Kelurahan Bahagia
1000,Jawa Timur,Blitar,Barat,Kelurahan Permai
1001,Jawa Timur,Trenggalek,Lawang,Desa Damai
1002,Jawa Timur,Ponorogo,Lawang,Desa Damai
1003,Jawa Timur,Madiun,Pakis,Kelurahan Tenteram
1004,Jawa Timur,Blitar,Pakis,Desa Makmur
1005,Jawa Timur,Kediri,Pakis,Kelurahan Sejahtera
1006,Jawa Timur,Jombang,Pakis,Desa Subur
1007,Jawa Timur,Jombang,Dau,Kelurahan Sari
1008,Jawa Timur,Blitar,Timur,Kelurahan Indah
1009,Jawa Timur,Blitar,Kota,Desa Damai
1010,Jawa Timur,Ngawi,Dau,Desa Asri
1011,Jawa Timur,Tulungagung,Timur,Kelurahan Permai
1012,Jawa Timur,Kediri,Tengah,Desa Subur
1013,Jawa Timur,Mojokerto,Selatan,Kelurahan Bahagia
1014,Jawa Timur,Tulungagung,Singosari,Kelurahan Sari
1015,Jawa Timur,Tulungagung,Selatan,Kelurahan Indah
1016,Jawa Timur,Blitar,Kepanjen,Desa Mulya
1017,Jawa Timur,Mojokerto,Dau,Kelurahan Bahagia
1018,Jawa Timur,Mojokerto,Kepanjen,Desa Asri
1019,Jawa Timur,Blitar,Pakis,Kelurahan Maju
1020,Jawa Timur,Jombang,Tumpang,Desa Subur
1021,Jawa Timur,Sidoarjo,Timur,Kelurahan Bahagia
1022,Jawa Timur,Mojokerto,Utara,Kelurahan Permai
1023,Jawa Timur,Blitar,Wajak,Kelurahan Maju
1024,Jawa Timur,Blitar,Kepanjen,Kelurahan Permai
1025,Jawa Timur,Ponorogo,Barat,Kelurahan Maju
1026,Jawa Timur,Madiun,Lawang,Desa Sentosa
1027,Jawa Timur,Tulungagung,Tengah,Desa Subur
1028,Jawa Timur,Blitar,Singosari,Kelurahan Sari
1029,Jawa Timur,Mojokerto,Tengah,Desa Jaya
1030,Jawa Timur,Kediri,Singosari,Desa Subur
1031,Jawa Timur,Blitar,Kota,Kelurahan Sejahtera
1032,Jawa Timur,Ponorogo,Kepanjen,Desa Jaya
1033,Jawa Timur,Tulungagung,Lawang,Kelurahan Sari
1034,Jawa Timur,Kediri,Kepanjen,Desa Mulya
1035,Jawa Timur,Kediri,Pakis,Desa Asri
1036,Jawa Timur,Ponorogo,Pakis,Desa Sentosa
1037,Jawa Timur,Blitar,Utara,Desa Makmur
1038,Jawa Timur,Kediri,Tengah,Desa Asri
1039,Jawa Timur,Ngawi,Lawang,Desa Jaya
1040,Jawa Timur,Tulungagung,Selatan,Kelurahan Tenteram
1041,Jawa Timur,Pacitan,Kota,Desa Asri
1042,Jawa Timur,Kediri,Timur,Desa Asri
1043,Jawa Timur,Mojokerto,Singosari,Kelurahan Tenteram
1044,Jawa Timur,Blitar,Lawang,Kelurahan Sejahtera
1045,Jawa Timur,Mojokerto,Timur,Kelurahan Permai
1046,Jawa Timur,Blitar,Timur,Kelurahan Permai
1047,Jawa Timur,Kediri,Tumpang,Kelurahan Sari
1048,Jawa Timur,Kediri,Barat,Kelurahan Sejahtera
1049,Jawa Timur,Tulungagung,Kota,Desa Subur
1050,Jawa Timur,Ponorogo,Wajak,Desa Damai
1051,Jawa Timur,Ngawi,Barat,Kelurahan Maju
1052,Jawa Timur,Madiun,Barat,Kelurahan Sari
1053,Jawa Timur,Ngawi,Barat,Desa Damai
1054,Jawa Timur,Ngawi,Wajak,Kelurahan Bahagia
1055,Jawa Timur,Kediri,Barat,Kelurahan Sejahtera
1056,Jawa Timur,Kediri,Utara,Kelurahan Maju
1057,Jawa Timur,Kediri,Singosari,Kelurahan Maju
1058,Jawa Timur,Kediri,Lawang,Desa Mulya
1059,Jawa Timur,Blitar,Tengah,Kelurahan Permai
1060,Jawa Timur,Blitar,Pakis,Desa Mulya
1061,Jawa Timur,Ponorogo,Kota,Kelurahan Sejahtera
1062,Jawa Timur,Ponorogo,Kota,Kelurahan Sejahtera
1063,Jawa Timur,Kediri,Wajak,Desa Damai
1064,Jawa Timur,Tulungagung,Barat,Kelurahan Indah
1065,Jawa Timur,Blitar,Selatan,Kelurahan Maju
1066,Jawa Timur,Ngawi,Wajak,Desa Asri
1067,Jawa Timur,Ngawi,Dau,Kelurahan Tenteram
1068,Jawa Timur,Ponorogo,Kepanjen,Desa Asri
1069,Jawa Timur,Kediri,Barat,Desa Mulya
1070,Jawa Timur,Ngawi,Singosari,Kelurahan Maju
1071,Jawa Timur,Kediri,Utara,Kelurahan Tenteram
1072,Jawa Timur,Blitar,Tengah,Desa Subur
1073,Jawa Timur,Ponorogo,Selatan,Kelurahan Permai
1074,Jawa Timur,Jombang,Tengah,Kelurahan Maju
1075,Jawa Timur,Ngawi,Barat,Kelurahan Bahagia
1076,Jawa Timur,Tulungagung,Pakis,Desa Jaya
1077,Jawa Timur,Trenggalek,Wajak,Kelurahan Sari
1078,Jawa Timur,Madiun,Kota,Kelurahan Sari
1079,Jawa Timur,Blitar,Tengah,Desa Damai
1080,Jawa Timur,Kediri,Tumpang,Kelurahan Permai
1081,Jawa Timur,Blitar,Utara,Kelurahan Indah
1082,Jawa Timur,Blitar,Lawang,Kelurahan Sejahtera
1083,Jawa Timur,Jombang,Barat,Kelurahan Bahagia
1084,Jawa Timur,Blitar,Kota,Kelurahan Sari
1085,Jawa Timur,Tulungagung,Selatan,Kelurahan Maju
1086,Jawa Timur,Kediri,Lawang,Desa Subur
1087,Jawa Timur,Tulungagung,Lawang,Kelurahan Maju
1088,Jawa Timur,Blitar,Singosari,Desa Subur
1089,Jawa Timur,Trenggalek,Utara,Kelurahan Sari
1090,Jawa Timur,Tulungagung,Timur,Desa Jaya
1091,Jawa Timur,Tulungagung,Lawang,Kelurahan Sejahtera
1092,Jawa Timur,Kediri,Kepanjen,Kelurahan Permai
1093,Jawa Timur,Bojonegoro,Selatan,Kelurahan Bahagia
1094,Jawa Timur,Bojonegoro,Kota,Kelurahan Permai
1095,Jawa Timur,Trenggalek,Selatan,Desa Sentosa
1096,Jawa Timur,Jombang,Lawang,Desa Subur
1097,Jawa Timur,Ngawi,Dau,Kelurahan Permai
1098,Jawa Timur,Trenggalek,Selatan,Desa Makmur
1099,Jawa Timur,Kediri,Wajak,Kelurahan Permai
1100,Jawa Timur,Kediri,Dau,Desa Sentosa
1101,Jawa Timur,Jombang,Tumpang,Desa Asri
1102,Jawa Timur,Kediri,Kepanjen,Desa Makmur
1103,Jawa Timur,Blitar,Dau,Desa Mulya
1104,Jawa Timur,Ngawi,Tumpang,Kelurahan Sari
1105,Jawa Timur,Blitar,Selatan,Kelurahan Tenteram
1106,Jawa Timur,Blitar,Dau,Desa Makmur
1107,Jawa Timur,Ponorogo,Dau,Kelurahan Tenteram
1108,Jawa Timur,Ponorogo,Tumpang,Kelurahan Permai
1109,Jawa Timur,Tulungagung,Pakis,Kelurahan Sejahtera
1110,Jawa Timur,Jombang,Pakis,Desa Subur
1111,Jawa Timur,Kediri,Singosari,Kelurahan Bahagia
1112,Jawa Timur,Ponorogo,Kepanjen,Kelurahan Bahagia
1113,Jawa Timur,Madiun,Pakis,Kelurahan Bahagia
1114,Jawa Timur,Pacitan,Tumpang,Desa Asri
1115,Jawa Timur,Kediri,Pakis,Kelurahan Permai
1116,Jawa Timur,Blitar,Timur,Desa Mulya
1117,Jawa Timur,Kediri,Kota,Desa Jaya
1118,Jawa Timur,Blitar,Wajak,Desa Subur
1119,Jawa Timur,Tulungagung,Kota,Desa Asri
1120,Jawa Timur,Blitar,Singosari,Kelurahan Sejahtera
1121,Jawa Timur,Blitar,Pakis,Kelurahan Maju
1122,Jawa Timur,Blitar,Utara,Desa Subur
1123,Jawa Timur,Kediri,Tengah,Kelurahan Sari
1124,Jawa Timur,Kediri,Kota,Kelurahan Bahagia
1125,Jawa Timur,Kediri,Kota,Kelurahan Permai
1126,Jawa Timur,Ngawi,Tumpang,Desa Damai
1127,Jawa Timur,Tulungagung,Singosari,Kelurahan Tenteram
1128,Jawa Timur,Nganjuk,Barat,Kelurahan Indah
1129,Jawa Timur,Kediri,Tumpang,Desa Subur
1130,Jawa Timur,Kediri,Utara,Desa Asri
1131,Jawa Timur,Tulungagung,Dau,Kelurahan Indah
1132,Jawa Timur,Blitar,Lawang,Kelurahan Permai
1133,Jawa Timur,Blitar,Singosari,Kelurahan Tenteram
1134,Jawa Timur,Mojokerto,Tengah,Kelurahan Sejahtera
1135,Jawa Timur,Tulungagung,Dau,Desa Sentosa
1136,Jawa Timur,Kediri,Utara,Kelurahan Bahagia
1137,Jawa Timur,Pacitan,Dau,Desa Sentosa
1138,Jawa Timur,Madiun,Tumpang,Desa Damai
1139,Jawa Timur,Kediri,Pakis,Desa Asri
1140,Jawa Timur,Blitar,Dau,Desa Makmur
1141,Jawa Timur,Trenggalek,Pakis,Kelurahan Permai
1142,Jawa Timur,Kediri,Kota,Desa Sentosa
1143,Jawa Timur,Trenggalek,Kota,Kelurahan Permai
1144,Jawa Timur,Kediri,Tumpang,Kelurahan Indah
1145,Jawa Timur,Blitar,Wajak,Kelurahan Bahagia
1146,Jawa Timur,Blitar,Timur,Kelurahan Bahagia
1147,Jawa Timur,Kediri,Barat,Desa Mulya
1148,Jawa Timur,Bojonegoro,Dau,Kelurahan Sejahtera
1149,Jawa Timur,Trenggalek,Utara,Desa Subur
1150,Jawa Timur,Blitar,Wajak,Desa Mulya
1151,Jawa Timur,Madiun,Wajak,Desa Subur
1152,Jawa Timur,Kediri,Tengah,Kelurahan Indah
1153,Jawa Timur,Tulungagung,Utara,Desa Damai
1154,Jawa Timur,Blitar,Timur,Kelurahan Indah
1155,Jawa Timur,Kediri,Kepanjen,Desa Jaya
1156,Jawa Timur,Jombang,Selatan,Desa Mulya
1157,Jawa Timur,Blitar,Singosari,Kelurahan Bahagia
1158,Jawa Timur,Madiun,Utara,Kelurahan Tenteram
1159,Jawa Timur,Kediri,Wajak,Kelurahan Sejahtera
1160,Jawa Timur,Tulungagung,Dau,Kelurahan Indah
1161,Jawa Timur,Kediri,Wajak,Desa Jaya
1162,Jawa Timur,Tulungagung,Timur,Desa Sentosa
1163,Jawa Timur,Kediri,Kepanjen,Kelurahan Tenteram
1164,Jawa Timur,Nganjuk,Lawang,Desa Damai
1165,Jawa Timur,Kediri,Selatan,Kelurahan Maju
1166,Jawa Timur,Tulungagung,Tengah,Kelurahan Bahagia
1167,Jawa Timur,Magetan,Lawang,Desa Asri
1168,Jawa Timur,Tulungagung,Selatan,Kelurahan Tenteram
1169,Jawa Timur,Ngawi,Lawang,Kelurahan Maju
1170,Jawa Timur,Ngawi,Tumpang,Kelurahan Sari
1171,Jawa Timur,Tulungagung,Tumpang,Desa Mulya
1172,Jawa Timur,Ponorogo,Tengah,Kelurahan Indah
1173,Jawa Timur,Pacitan,Utara,Kelurahan Permai
1174,Jawa Timur,Kediri,Kepanjen,Kelurahan Sejahtera
1175,Jawa Timur,Madiun,Tengah,Kelurahan Sejahtera
1176,Jawa Timur,Tulungagung,Selatan,Desa Subur
1177,Jawa Timur,Pacitan,Tumpang,Kelurahan Sari
1178,Jawa Timur,Kediri,Kota,Desa Damai
1179,Jawa Timur,Blitar,Tengah,Kelurahan Permai
1180,Jawa Timur,Kediri,Wajak,Desa Asri
